Workbook

Sheet DC หมวด A-D
B2: แผนแรงงานรายวัน DC หมวด A-D
B3: ข้อมูลเบื้องต้นสำหรับวางแผน | D3: จำนวนห้องทั้งหมด | E3: พื้นที่ห้องเฉลี่ย | F3: % แรงงานชาย | G3: ค่าแรงชาย/วัน | H3: ค่า OT ชาย/ชม. | I3: % แรงงานหญิง | J3: ค่าแรงหญิง/วัน | K3: ค่า OT หญิง/ชม. | L3: จำนวน OT/วัน | M3: จำนวนวัน/เดือน
D4: 1 | E4: 48399 | F4: 0.5 | G4: 350 | H4: =G4/8*1.5 -> 65.625 | I4: 0.5 | J4: 300 | K4: =J4/8*1.5 -> 56.25 | L4: 2 | M4: 26
B6: เดือนที่ (นับตามสัญญา) | I6: 1 | J6: 2 | K6: 3 | L6: 4 | M6: 5 | N6: 6 | O6: 7 | P6: 8 | Q6: 9 | R6: 10 | S6: 11 | T6: 12 | U6: 13 | V6: 14 | W6: 15
B7: เดือน | D7: 25235 | E7: 25263 | F7: 25294 | G7: 25324 | H7: 25355 | I7: 25385 | J7: 25416 | K7: 25447 | L7: 25477 | M7: 25508 | N7: 25538 | O7: 25569 | P7: 25600 | Q7: 25628 | R7: 25659 | S7: 25689 | T7: 25720 | U7: 25750 | V7: 25781 | W7: 25812
B9: หมวด A | C9: จำนวนแรงงาน | D9: 5 | E9: 5 | F9: 5 | G9: 5 | H9: =Backup!C33 -> 20 | I9: =Backup!D33 -> 29 | J9: =Backup!E33 -> 29 | K9: =Backup!F33 -> 29 | L9: =Backup!G33 -> 29 | M9: =Backup!H33 -> 29 | N9: =Backup!I33 -> 29 | O9: =Backup!J33 -> 29 | ... W9: =Backup!R33 -> 10 | Y9: Budget | Z9: ทำจริง (แรง) | AA9: คงเหลือ
C10: จำนวนแรงงานสะสม | D10: =D9 -> 5 | E10: =E9+D10 -> 10 | F10: =F9+E10 -> 15 | G10: =G9+F10 -> 20 | H10: =H9+G10 -> 40 | I10: =I9+H10 -> 69 | J10: =J9+I10 -> 98 | K10: =K9+J10 -> 127 | L10: =L9+K10 -> 156 | ... W10: =W9+V10 -> 418 | Y10: =(Y11/((($G$4+($H$4*$L$4))*$F$4)+(($J$4+($K$4*$L$4))*$I$4))) -> 2707.6364 | Z10: =SUM(D9:W9)*$M$4 -> 10868 | AA10: =Y10-Z10 -> -8160.3636 | AB10: แรง
C11: มูลค่าสะสม (บาท) | D11: =((($G$4+($H$4*$L$4))*$F$4)+(($J$4+($K$4*$L$4))*$I$4))*D10*$M$4 -> 58093.75 | E11: =((($G$4+($H$4*$L$4))*$F$4)+(($J$4+($K$4*$L$4))*$I$4))*E10*$M$4 -> 116187.5 | F11: =((($G$4+($H$4*$L$4))*$F$4)+(($J$4+($K$4*$L$4))*$I$4))*F10*$M$4 -> 174281.25 | G11: =((($G$4+($H$4*$L$4))*$F$4)+(($J$4+($K$4*$L$4))*$I$4))*G10*$M$4 -> 232375 | H11: =((($G$4+($H$4*$L$4))*$F$4)+(($J$4+($K$4*$L$4))*$I$4))*H10*$M$4 -> 464750 | I11: =((($G$4+($H$4*$L$4))*$F$4)+(($J$4+($K$4*$L$4))*$I$4))*I10*$M$4 -> 801693.75 | J11: =((($G$4+($H$4*$L$4))*$F$4)+(($J$4+($K$4*$L$4))*$I$4))*J10*$M$4 -> 1138637.5 | K11: =((($G$4+($H$4*$L$4))*$F$4)+(($J$4+($K$4*$L$4))*$I$4))*K10*$M$4 -> 1475581.2 | ... W11: =((($G$4+($H$4*$L$4))*$F$4)+(($J$4+($K$4*$L$4))*$I$4))*W10*$M$4 -> 4856637.5 | Y11: =25*$E$4 -> 1209975 | AA11: =Y11-W11 -> -3646662.5 | AB11: บาท
C12: Productivity (บาท/ตร.ม.) | D12: =D11/$E$4 -> 1.2003089 | E12: =E11/$E$4 -> 2.4006178 | F12: =F11/$E$4 -> 3.6009267 | G12: =G11/$E$4 -> 4.8012356 | H12: =H11/$E$4 -> 9.6024711 | I12: =I11/$E$4 -> 16.564263 | J12: =J11/$E$4 -> 23.526054 | K12: =K11/$E$4 -> 30.487846 | ... W12: =W11/$E$4 -> 100.34582 | Y12: =Y11/$E$4 -> 25 | AA12: =Y12-W12 -> -75.345823 | AB12: บาท/ตร.ม.
B14: หมวด B | C14: จำนวนแรงงาน | D14: 10 | E14: 10 | F14: 10 | G14: 10 | H14: =Backup!C38 -> 17 | I14: =Backup!D38 -> 24 | J14: =Backup!E38 -> 24 | K14: =Backup!F38 -> 24 | L14: =Backup!G38 -> 24 | M14: =Backup!H38 -> 24 | N14: =Backup!I38 -> 24 | O14: =Backup!J38 -> 18 | ... W14: =Backup!R38 -> 13 | Y14: Budget | Z14: ทำจริง (แรง) | AA14: คงเหลือ
C15: จำนวนแรงงานสะสม | D15: =D14 -> 10 | E15: =E14+D15 -> 20 | F15: =F14+E15 -> 30 | G15: =G14+F15 -> 40 | H15: =H14+G15 -> 57 | I15: =I14+H15 -> 81 | J15: =J14+I15 -> 105 | K15: =K14+J15 -> 129 | L15: =L14+K15 -> 153 | ... W15: =W14+V15 -> 350 | Y15: =Y16/((($G$4+($H$4*$L$4))*$F$4)+(($J$4+($K$4*$L$4))*$I$4)) -> 11372.073 | Z15: =SUM(D14:W14)*$M$4 -> 9100 | AA15: =Y15-Z15 -> 2272.0727 | AB15: แรง
C16: มูลค่าสะสม (บาท) | D16: =((($G$4+($H$4*$L$4))*$F$4)+(($J$4+($K$4*$L$4))*$I$4))*D15*$M$4 -> 116187.5 | E16: =((($G$4+($H$4*$L$4))*$F$4)+(($J$4+($K$4*$L$4))*$I$4))*E15*$M$4 -> 232375 | F16: =((($G$4+($H$4*$L$4))*$F$4)+(($J$4+($K$4*$L$4))*$I$4))*F15*$M$4 -> 348562.5 | G16: =((($G$4+($H$4*$L$4))*$F$4)+(($J$4+($K$4*$L$4))*$I$4))*G15*$M$4 -> 464750 | H16: =((($G$4+($H$4*$L$4))*$F$4)+(($J$4+($K$4*$L$4))*$I$4))*H15*$M$4 -> 662268.75 | I16: =((($G$4+($H$4*$L$4))*$F$4)+(($J$4+($K$4*$L$4))*$I$4))*I15*$M$4 -> 941118.75 | J16: =((($G$4+($H$4*$L$4))*$F$4)+(($J$4+($K$4*$L$4))*$I$4))*J15*$M$4 -> 1219968.8 | K16: =((($G$4+($H$4*$L$4))*$F$4)+(($J$4+($K$4*$L$4))*$I$4))*K15*$M$4 -> 1498818.8 | ... W16: =((($G$4+($H$4*$L$4))*$F$4)+(($J$4+($K$4*$L$4))*$I$4))*W15*$M$4 -> 4066562.5 | Y16: =105*$E$4 -> 5081895 | AA16: =Y16-W16 -> 1015332.5 | AB16: บาท
C17: Productivity (บาท/ตร.ม.) | D17: =D16/$E$4 -> 2.4006178 | E17: =E16/$E$4 -> 4.8012356 | F17: =F16/$E$4 -> 7.2018533 | G17: =G16/$E$4 -> 9.6024711 | H17: =H16/$E$4 -> 13.683521 | I17: =I16/$E$4 -> 19.445004 | J17: =J16/$E$4 -> 25.206487 | K17: =K16/$E$4 -> 30.967969 | ... W17: =W16/$E$4 -> 84.021622 | Y17: =Y16/$E$4 -> 105 | AA17: =Y17-W17 -> 20.978378 | AB17: บาท/ตร.ม.
B19: หมวด C | C19: จำนวนแรงงาน | D19: 0 | E19: 0 | F19: 0 | G19: 0 | H19: =Backup!C44 -> 4 | I19: =Backup!D44 -> 8 | J19: =Backup!E44 -> 12 | K19: =Backup!F44 -> 24 | L19: =Backup!G44 -> 56 | M19: =Backup!H44 -> 56 | N19: =Backup!I44 -> 56 | O19: =Backup!J44 -> 56 | ... W19: =Backup!R44 -> 4 | Y19: Budget | Z19: ทำจริง (แรง) | AA19: คงเหลือ
C20: จำนวนแรงงานสะสม | D20: =D19 -> 0 | E20: =E19+D20 -> 0 | F20: =F19+E20 -> 0 | G20: =G19+F20 -> 0 | H20: =H19+G20 -> 4 | I20: =I19+H20 -> 12 | J20: =J19+I20 -> 24 | K20: =K19+J20 -> 48 | L20: =L19+K20 -> 104 | ... W20: =W19+V20 -> 572 | Y20: =Y21/((($G$4+($H$4*$L$4))*$F$4)+(($J$4+($K$4*$L$4))*$I$4)) -> 24910.255 | Z20: =SUM(D19:W19)*$M$4 -> 14872 | AA20: =Y20-Z20 -> 10038.255 | AB20: แรง
C21: มูลค่าสะสม (บาท) | D21: =((($G$4+($H$4*$L$4))*$F$4)+(($J$4+($K$4*$L$4))*$I$4))*D20*$M$4 -> 0 | E21: =((($G$4+($H$4*$L$4))*$F$4)+(($J$4+($K$4*$L$4))*$I$4))*E20*$M$4 -> 0 | F21: =((($G$4+($H$4*$L$4))*$F$4)+(($J$4+($K$4*$L$4))*$I$4))*F20*$M$4 -> 0 | G21: =((($G$4+($H$4*$L$4))*$F$4)+(($J$4+($K$4*$L$4))*$I$4))*G20*$M$4 -> 0 | H21: =((($G$4+($H$4*$L$4))*$F$4)+(($J$4+($K$4*$L$4))*$I$4))*H20*$M$4 -> 46475 | I21: =((($G$4+($H$4*$L$4))*$F$4)+(($J$4+($K$4*$L$4))*$I$4))*I20*$M$4 -> 139425 | J21: =((($G$4+($H$4*$L$4))*$F$4)+(($J$4+($K$4*$L$4))*$I$4))*J20*$M$4 -> 278850 | K21: =((($G$4+($H$4*$L$4))*$F$4)+(($J$4+($K$4*$L$4))*$I$4))*K20*$M$4 -> 557700 | ... W21: =((($G$4+($H$4*$L$4))*$F$4)+(($J$4+($K$4*$L$4))*$I$4))*W20*$M$4 -> 6645925 | Y21: =230*$E$4 -> 11131770 | AA21: =Y21-W21 -> 4485845 | AB21: บาท
C22: Productivity (บาท/ตร.ม.) | D22: =D21/$E$4 -> 0 | E22: =E21/$E$4 -> 0 | F22: =F21/$E$4 -> 0 | G22: =G21/$E$4 -> 0 | H22: =H21/$E$4 -> 0.96024711 | I22: =I21/$E$4 -> 2.8807413 | J22: =J21/$E$4 -> 5.7614827 | K22: =K21/$E$4 -> 11.522965 | ... W22: =W21/$E$4 -> 137.31534 | Y22: =Y21/$E$4 -> 230 | AA22: =Y22-W22 -> 92.684663 | AB22: บาท/ตร.ม.
B24: หมวด D | C24: จำนวนแรงงาน | D24: 4 | E24: 4 | F24: 4 | G24: 4 | H24: =Backup!C47 -> 6 | I24: =Backup!D47 -> 10 | J24: =Backup!E47 -> 14 | K24: =Backup!F47 -> 18 | L24: =Backup!G47 -> 18 | M24: =Backup!H47 -> 18 | N24: =Backup!I47 -> 18 | O24: =Backup!J47 -> 18 | ... W24: =Backup!R47 -> 6 | Y24: Budget | Z24: ทำจริง (แรง) | AA24: คงเหลือ
C25: จำนวนแรงงานสะสม | D25: =D24 -> 4 | E25: =E24+D25 -> 8 | F25: =F24+E25 -> 12 | G25: =G24+F25 -> 16 | H25: =H24+G25 -> 22 | I25: =I24+H25 -> 32 | J25: =J24+I25 -> 46 | K25: =K24+J25 -> 64 | L25: =L24+K25 -> 82 | ... W25: =W24+V25 -> 256 | Y25: =Y26/((($G$4+($H$4*$L$4))*$F$4)+(($J$4+($K$4*$L$4))*$I$4)) -> 4332.2182 | Z25: =SUM(D24:W24)*$M$4 -> 6656 | AA25: =Y25-Z25 -> -2323.7818 | AB25: แรง
C26: มูลค่าสะสม (บาท) | D26: =((($G$4+($H$4*$L$4))*$F$4)+(($J$4+($K$4*$L$4))*$I$4))*D25*$M$4 -> 46475 | E26: =((($G$4+($H$4*$L$4))*$F$4)+(($J$4+($K$4*$L$4))*$I$4))*E25*$M$4 -> 92950 | F26: =((($G$4+($H$4*$L$4))*$F$4)+(($J$4+($K$4*$L$4))*$I$4))*F25*$M$4 -> 139425 | G26: =((($G$4+($H$4*$L$4))*$F$4)+(($J$4+($K$4*$L$4))*$I$4))*G25*$M$4 -> 185900 | H26: =((($G$4+($H$4*$L$4))*$F$4)+(($J$4+($K$4*$L$4))*$I$4))*H25*$M$4 -> 255612.5 | I26: =((($G$4+($H$4*$L$4))*$F$4)+(($J$4+($K$4*$L$4))*$I$4))*I25*$M$4 -> 371800 | J26: =((($G$4+($H$4*$L$4))*$F$4)+(($J$4+($K$4*$L$4))*$I$4))*J25*$M$4 -> 534462.5 | K26: =((($G$4+($H$4*$L$4))*$F$4)+(($J$4+($K$4*$L$4))*$I$4))*K25*$M$4 -> 743600 | ... W26: =((($G$4+($H$4*$L$4))*$F$4)+(($J$4+($K$4*$L$4))*$I$4))*W25*$M$4 -> 2974400 | Y26: =40*$E$4 -> 1935960 | AA26: =Y26-W26 -> -1038440 | AB26: บาท
C27: Productivity (บาท/ตร.ม.) | D27: =D26/$E$4 -> 0.96024711 | E27: =E26/$E$4 -> 1.9204942 | F27: =F26/$E$4 -> 2.8807413 | G27: =G26/$E$4 -> 3.8409885 | H27: =H26/$E$4 -> 5.2813591 | I27: =I26/$E$4 -> 7.6819769 | J27: =J26/$E$4 -> 11.042842 | K27: =K26/$E$4 -> 15.363954 | ... W27: =W26/$E$4 -> 61.455815 | Y27: =Y26/$E$4 -> 40 | AA27: =Y27-W27 -> -21.455815 | AB27: บาท/ตร.ม.
B29: รวมแรงงาน ชาย (คน) | D29: =(D9+D14+D19+D24)*$F$4 -> 9.5 | E29: =(E9+E14+E19+E24)*$F$4 -> 9.5 | F29: =(F9+F14+F19+F24)*$F$4 -> 9.5 | G29: =(G9+G14+G19+G24)*$F$4 -> 9.5 | H29: =(H9+H14+H19+H24)*$F$4 -> 23.5 | I29: =(I9+I14+I19+I24)*$F$4 -> 35.5 | J29: =(J9+J14+J19+J24)*$F$4 -> 39.5 | K29: =(K9+K14+K19+K24)*$F$4 -> 47.5 | ... W29: =(W9+W14+W19+W24)*$F$4 -> 16.5
B30: รวมแรงงาน หญิง (คน) | D30: =(D9+D14+D19+D24)*$I$4 -> 9.5 | E30: =(E9+E14+E19+E24)*$I$4 -> 9.5 | F30: =(F9+F14+F19+F24)*$I$4 -> 9.5 | G30: =(G9+G14+G19+G24)*$I$4 -> 9.5 | H30: =(H9+H14+H19+H24)*$I$4 -> 23.5 | I30: =(I9+I14+I19+I24)*$I$4 -> 35.5 | J30: =(J9+J14+J19+J24)*$I$4 -> 39.5 | K30: =(K9+K14+K19+K24)*$I$4 -> 47.5 | ... W30: =(W9+W14+W19+W24)*$I$4 -> 16.5
B31: รวมแรงงาน (คน) / เดือน | D31: =SUM(D29:D30) -> 19 | E31: =SUM(E29:E30) -> 19 | F31: =SUM(F29:F30) -> 19 | G31: =SUM(G29:G30) -> 19 | H31: =SUM(H29:H30) -> 47 | I31: =SUM(I29:I30) -> 71 | J31: =SUM(J29:J30) -> 79 | K31: =SUM(K29:K30) -> 95 | ... W31: =SUM(W29:W30) -> 33
B32: ค่าแรง / เดือน (บาท) | D32: =((D29*$G$4)+(D30*$J$4))*$M$4 -> 160550 | E32: =((E29*$G$4)+(E30*$J$4))*$M$4 -> 160550 | F32: =((F29*$G$4)+(F30*$J$4))*$M$4 -> 160550 | G32: =((G29*$G$4)+(G30*$J$4))*$M$4 -> 160550 | H32: =((H29*$G$4)+(H30*$J$4))*$M$4 -> 397150 | I32: =((I29*$G$4)+(I30*$J$4))*$M$4 -> 599950 | J32: =((J29*$G$4)+(J30*$J$4))*$M$4 -> 667550 | K32: =((K29*$G$4)+(K30*$J$4))*$M$4 -> 802750 | ... W32: =((W29*$G$4)+(W30*$J$4))*$M$4 -> 278850 | Y32: Budget | Z32: ทำจริง (แรง) | AA32: คงเหลือ
B33: OT / เดือน (บาท) | D33: =((D29*$H$4*$L$4)+(D30*$K$4*$L$4))*$M$4 -> 60206.25 | E33: =((E29*$H$4*$L$4)+(E30*$K$4*$L$4))*$M$4 -> 60206.25 | F33: =((F29*$H$4*$L$4)+(F30*$K$4*$L$4))*$M$4 -> 60206.25 | G33: =((G29*$H$4*$L$4)+(G30*$K$4*$L$4))*$M$4 -> 60206.25 | H33: =((H29*$H$4*$L$4)+(H30*$K$4*$L$4))*$M$4 -> 148931.25 | I33: =((I29*$H$4*$L$4)+(I30*$K$4*$L$4))*$M$4 -> 224981.25 | J33: =((J29*$H$4*$L$4)+(J30*$K$4*$L$4))*$M$4 -> 250331.25 | K33: =((K29*$H$4*$L$4)+(K30*$K$4*$L$4))*$M$4 -> 301031.25 | ... W33: =((W29*$H$4*$L$4)+(W30*$K$4*$L$4))*$M$4 -> 104568.75 | Y33: =Y34/((($G$4+($H$4*$L$4))*$F$4)+(($J$4+($K$4*$L$4))*$I$4)) -> 43322.182 | Z33: =SUM(D29:W30)*$M$4 -> 41496 | AA33: =Y33-Z33 -> 1826.1818 | AB33: แรง
B34: รวมค่าแรง + OT / เดือน (บาท) | D34: =SUM(D32:D33) -> 220756.25 | E34: =SUM(E32:E33) -> 220756.25 | F34: =SUM(F32:F33) -> 220756.25 | G34: =SUM(G32:G33) -> 220756.25 | H34: =SUM(H32:H33) -> 546081.25 | I34: =SUM(I32:I33) -> 824931.25 | J34: =SUM(J32:J33) -> 917881.25 | K34: =SUM(K32:K33) -> 1103781.2 | ... W34: =SUM(W32:W33) -> 383418.75 | Y34: =400*$E$4 -> 19359600 | AA34: =Y34-W35 -> 816075 | AB34: บาท
B35: รวมค่าแรงสะสม (บาท) | D35: =D34 -> 220756.25 | E35: =E34+D35 -> 441512.5 | F35: =F34+E35 -> 662268.75 | G35: =G34+F35 -> 883025 | H35: =H34+G35 -> 1429106.2 | I35: =I34+H35 -> 2254037.5 | J35: =J34+I35 -> 3171918.8 | K35: =K34+J35 -> 4275700 | L35: =L34+K35 -> 5751281.2 | ... W35: =W34+V35 -> 18543525 | Y35: =Y34/$E$4 -> 400 | AA35: =Y35-W36 -> 16.861402 | AB35: บาท/ตร.ม.
B36: Productivity (บาท/ตร.ม.) | D36: =D35/$E$4 -> 4.5611738 | E36: =E35/$E$4 -> 9.1223476 | F36: =F35/$E$4 -> 13.683521 | G36: =G35/$E$4 -> 18.244695 | H36: =H35/$E$4 -> 29.527599 | I36: =I35/$E$4 -> 46.571985 | J36: =J35/$E$4 -> 65.536865 | K36: =K35/$E$4 -> 88.342734 | ... W36: =W35/$E$4 -> 383.1386
B38: ทำจริง | C38: งวดวันที่ 1 - 15 | D38: 87850 | E38: 100968.76 | F38: 76234.42 | G38: 130154.08 | H38: 216440.38
C39: งวดวันที่ 16 - 31 | D39: 86839.07 | E39: 86681.27 | F39: 84178.14 | G39: 193995.94 | H39: 273808.18
C40: รวมค่าแรงต่อเดือน | D40: =D38+D39 -> 174689.07 | E40: =E38+E39 -> 187650.03 | F40: =F38+F39 -> 160412.56 | G40: =G38+G39 -> 324150.02 | H40: =H38+H39 -> 490248.56 | I40: =I38+I39 -> 0
C41: รวมค่าแรงสะสม | D41: =D40 -> 174689.07 | E41: =E40+D41 -> 362339.1 | F41: =F40+E41 -> 522751.66 | G41: =G40+F41 -> 846901.68 | H41: =H40+G41 -> 1337150.2 | I41: =I40+H41 -> 1337150.2
C42: Productivity (บาท/ตร.ม.) | D42: =D41/$E$4 -> 3.6093529 | E42: =E41/$E$4 -> 7.4864997 | F42: =F41/$E$4 -> 10.800877 | G42: =G41/$E$4 -> 17.49833 | H42: =H41/$E$4 -> 27.627642 | I42: =I41/$E$4 -> 27.627642
B44: คงเหลือ | C44: คงเหลือต่อเดือน | D44: =D34-D40 -> 46067.18 | E44: =E34-E40 -> 33106.22 | F44: =F34-F40 -> 60343.69 | G44: =G34-G40 -> -103393.77 | H44: =H34-H40 -> 55832.69 | I44: =I34-I40 -> 824931.25
C45: คงเหลือสะสม | D45: =D44 -> 46067.18 | E45: =E44+D45 -> 79173.4 | F45: =F44+E45 -> 139517.09 | G45: =G44+F45 -> 36123.32 | H45: =H44+G45 -> 91956.01 | I45: =I44+H45 -> 916887.26
C46: คงเหลือ (บาท/ตร.ม.) | D46: =D45/$E$4 -> 0.95182091 | E46: =E45/$E$4 -> 1.6358478 | F46: =F45/$E$4 -> 2.8826441 | G46: =G45/$E$4 -> 0.74636501 | H46: =H45/$E$4 -> 1.8999568 | I46: =I45/$E$4 -> 18.944343

Sheet Backup
A2: MANPOWER
A3: Life Ratchada-Rama 9
A5: ลำดับ | B5: ตำแหน่งงาน | C5: จำนวนแรงงาน: เดือน | S5: หมายเหตุ
C6: M1 | D6: M2 | E6: M3 | F6: M4 | G6: M5 | H6: M6 | I6: M7 | J6: M8 | K6: M9 | L6: M10 | M6: M11 | N6: M12 | O6: M13 | P6: M14 | Q6: M15 | R6: M16
B7: งานเสาเข็ม อาคาร A-E
B8: Sub-Structure
B9: อาคาร A-E
B10: Super-Structure
B11: อาคาร A-E
B12: Arhitech Work
B13: ประกอบห้องพักอาคาร A-D
B14: อาคาร E
B15: External Work
B16: Sink บ่อ WWTP
B17: Drainage/Fence /Road
B18: End Product & QA Pass
... B22: Worker
A23: A | B23: DC SUPPLY
A24: 1 | B24: Security | C24: 2 | D24: 2 | E24: 2 | F24: 2 | G24: 2 | H24: 2 | I24: 2 | J24: 2 | K24: 2 | L24: 2 | M24: 2 | N24: 2 | O24: 2 | P24: 2 | Q24: 2 | R24: 2 | S24: Supplier | T24: =SUM(C24:R24) -> 32
A25: 2 | B25: Pick-up Driver | C25: 1 | D25: 1 | E25: 1 | F25: 1 | G25: 1 | H25: 1 | I25: 1 | J25: 1 | K25: 1 | L25: 1 | M25: 1 | N25: 1 | O25: 1 | P25: 1 | Q25: 1 | R25: 1 | S25: DC หมวด A5.3 | T25: =SUM(C25:R25) -> 16
A26: 3 | B26: Tower Crane Operator | C26: 4 | D26: 4 | E26: 4 | F26: 4 | G26: 4 | H26: 4 | I26: 4 | J26: 4 | K26: 4 | L26: 4 | M26: 4 | S26: DC หมวด A5.1 | T26: =SUM(C26:R26) -> 44
A27: 4 | B27: คนบอกเครน | C27: 4 | D27: 4 | E27: 4 | F27: 4 | G27: 4 | H27: 4 | I27: 4 | J27: 4 | K27: 4 | L27: 4 | M27: 4 | S27: DC หมวด A5.1 | T27: =SUM(C27:R27) -> 44
A28: 5 | B28: Hoist Operator | L28: 4 | M28: 4 | N28: 4 | O28: 4 | P28: 4 | Q28: 4 | R28: 4 | S28: DC หมวด A5.2 | T28: =SUM(C28:R28) -> 28
A29: 6 | B29: Survey Helper | C29: 6 | D29: 15 | E29: 15 | F29: 15 | G29: 15 | H29: 15 | I29: 15 | J29: 15 | K29: 15 | L29: 15 | M29: 15 | N29: 15 | O29: 15 | S29: DC หมวด A1 | T29: =SUM(C29:R29) -> 186
A30: 7 | B30: Store Helper | C30: 2 | D30: 2 | E30: 2 | F30: 2 | G30: 2 | H30: 2 | I30: 2 | J30: 2 | K30: 2 | L30: 2 | M30: 2 | N30: 2 | O30: 2 | P30: 2 | Q30: 2 | R30: 2 | S30: DC หมวด A2 | T30: =SUM(C30:R30) -> 32
A31: 8 | B31: Electrician /Machanic | C31: 1 | D31: 1 | E31: 1 | F31: 1 | G31: 1 | H31: 1 | I31: 1 | J31: 1 | K31: 1 | L31: 1 | M31: 1 | N31: 1 | O31: 1 | P31: 1 | Q31: 1 | R31: 1 | S31: DC หมวด A3 | T31: =SUM(C31:R31) -> 16
A32: 9 | B32: แม่บ้านประจำสำนักงานสนาม | C32: 2 | D32: 2 | E32: 2 | F32: 2 | G32: 2 | H32: 2 | I32: 2 | J32: 2 | K32: 2 | L32: 2 | M32: 2 | N32: 2 | O32: 2 | P32: 2 | Q32: 2 | R32: 2 | S32: DC หมวด A4 | T32: =SUM(C32:R32) -> 32
B33: รวม DC หมวด A | C33: =SUM(C25:C32) -> 20 | D33: =SUM(D25:D32) -> 29 | E33: =SUM(E25:E32) -> 29 | F33: =SUM(F25:F32) -> 29 | G33: =SUM(G25:G32) -> 29 | H33: =SUM(H25:H32) -> 29 | I33: =SUM(I25:I32) -> 29 | J33: =SUM(J25:J32) -> 29 | ... R33: =SUM(R25:R32) -> 10 | T33: =SUM(C33:R33) -> 398
A34: 10 | B34: Labour (Cleanning) | C34: 8 | D34: 8 | E34: 8 | F34: 8 | G34: 8 | H34: 8 | I34: 8 | J34: 8 | K34: 8 | L34: 8 | M34: 8 | N34: 8 | O34: 8 | P34: 8 | Q34: 8 | R34: 8 | S34: DC หมวด B3 | T34: =SUM(C34:R34) -> 128
A35: 11 | B35: Labour (Material Handering) | C35: 5 | D35: 6 | E35: 6 | F35: 6 | G35: 6 | H35: 6 | I35: 6 | J35: 6 | K35: 6 | L35: 6 | M35: 6 | N35: 6 | O35: 6 | P35: 6 | Q35: 6 | R35: 5 | S35: DC หมวด B5 | T35: =SUM(C35:R35) -> 94
A36: 12 | B36: กรรมกรงานโครงสร้างใต้ดิน | D36: 6 | E36: 6 | F36: 6 | G36: 6 | H36: 6 | I36: 6 | S36: DC หมวด B1 | T36: =SUM(C36:R36) -> 36
A37: 13 | B37: ทีมจราจรในหน่วยงานและชุมชน | C37: 4 | D37: 4 | E37: 4 | F37: 4 | G37: 4 | H37: 4 | I37: 4 | J37: 4 | K37: 4 | L37: 4 | M37: 4 | N37: 4 | O37: 4 | S37: DC หมวด B6 | T37: =SUM(C37:R37) -> 52
B38: รวม DC หมวด B | C38: =SUM(C34:C37) -> 17 | D38: =SUM(D34:D37) -> 24 | E38: =SUM(E34:E37) -> 24 | F38: =SUM(F34:F37) -> 24 | G38: =SUM(G34:G37) -> 24 | H38: =SUM(H34:H37) -> 24 | I38: =SUM(I34:I37) -> 24 | J38: =SUM(J34:J37) -> 18 | ... R38: =SUM(R34:R37) -> 13 | T38: =SUM(C38:R38) -> 310
A39: 14 | B39: กรรมกรทำความสะอาดตามชั้น | G39: 12 | H39: 12 | I39: 12 | J39: 12 | K39: 12 | L39: 12 | M39: 12 | N39: 12 | O39: 12 | P39: 12 | Q39: 12 | S39: DC หมวด C1 | T39: =SUM(C39:R39) -> 132
A40: 15 | B40: กรรมกรขึ้นวัสดุ - ลงขยะ | C40: 4 | D40: 8 | E40: 12 | F40: 16 | G40: 16 | H40: 16 | I40: 16 | J40: 16 | K40: 16 | L40: 16 | M40: 16 | N40: 16 | O40: 16 | P40: 12 | Q40: 8 | R40: 4 | S40: DC หมวด C2 | T40: =SUM(C40:R40) -> 208
A41: 16 | B41: กรรมกรงานโครงสร้างอาคาร | F41: 8 | G41: 8 | H41: 8 | I41: 8 | J41: 8 | S41: DC หมวด C5 | T41: =SUM(C41:R41) -> 40
A42: 17 | B42: กรรมกรงานสถาปัตย์อาคาร | G42: 8 | H42: 8 | I42: 8 | J42: 8 | K42: 8 | L42: 8 | M42: 8 | N42: 8 | O42: 8 | S42: DC หมวด C6 | T42: =SUM(C42:R42) -> 72
A43: 18 | B43: กรรมกรงานบริการอื่นๆในตัวอาคาร | G43: 12 | H43: 12 | I43: 12 | J43: 12 | K43: 12 | L43: 12 | M43: 12 | N43: 12 | O43: 12 | P43: 12 | S43: DC หมวด C7 | T43: =SUM(C43:R43) -> 120
B44: รวม DC หมวด C | C44: =SUM(C39:C43) -> 4 | D44: =SUM(D39:D43) -> 8 | E44: =SUM(E39:E43) -> 12 | F44: =SUM(F39:F43) -> 24 | G44: =SUM(G39:G43) -> 56 | H44: =SUM(H39:H43) -> 56 | I44: =SUM(I39:I43) -> 56 | J44: =SUM(J39:J43) -> 56 | ... R44: =SUM(R39:R43) -> 4 | T44: =SUM(C44:R44) -> 572
A45: 19 | B45: Worker (Safety / Protection) | C45: 4 | D45: 8 | E45: 12 | F45: 16 | G45: 16 | H45: 16 | I45: 16 | J45: 16 | K45: 16 | L45: 16 | M45: 16 | N45: 16 | O45: 16 | P45: 12 | Q45: 8 | R45: 4 | S45: DC หมวด D3 | T45: =SUM(C45:R45) -> 208
A46: 20 | B46: แม่บ้านประจำบ้านพักคนงาน | C46: 2 | D46: 2 | E46: 2 | F46: 2 | G46: 2 | H46: 2 | I46: 2 | J46: 2 | K46: 2 | L46: 2 | M46: 2 | N46: 2 | O46: 2 | P46: 2 | Q46: 2 | R46: 2 | S46: DC หมวด D2 | T46: =SUM(C46:R46) -> 32
B47: รวม DC หมวด D | C47: =SUM(C45:C46) -> 6 | D47: =SUM(D45:D46) -> 10 | E47: =SUM(E45:E46) -> 14 | F47: =SUM(F45:F46) -> 18 | G47: =SUM(G45:G46) -> 18 | H47: =SUM(H45:H46) -> 18 | I47: =SUM(I45:I46) -> 18 | J47: =SUM(J45:J46) -> 18 | ... R47: =SUM(R45:R46) -> 6 | T47: =SUM(C47:R47) -> 240
A48: 21 | B48: Worker QA Pass ห้องพัก (844 ห้อง) | L48: 180 | M48: 180 | N48: 180 | O48: 180 | P48: 180 | Q48: 180 | R48: 180 | S48: DC หมวด E1 | T48: =SUM(C48:R48) -> 1260
A49: 22 | B49: Worker ส่งห้องพักให้ลูกค้า (844 ห้อง) | Q49: 90 | R49: 90 | S49: DC หมวด E4 | T49: =SUM(C49:R49) -> 180
A50: 23 | B50: Worker QA Pass ทางเดินและโถงลิฟต์ | M50: 32 | N50: 32 | O50: 32 | P50: 32 | Q50: 32 | R50: 32 | S50: DC หมวด E2 | T50: =SUM(C50:R50) -> 192
A51: 24 | B51: Worker QA Pass บันได | M51: 20 | N51: 20 | O51: 20 | P51: 20 | Q51: 20 | R51: 20 | S51: DC หมวด E2 | T51: =SUM(C51:R51) -> 120
A52: 25 | B52: Worker QA Pass พื้นที่ส่วนกลางโครงการ | P52: 15 | Q52: 15 | R52: 15 | S52: DC หมวด E3 | T52: =SUM(C52:R52) -> 45
A53: 26 | B53: Worker ส่งมอบงานให้นิติบุคคล | S53: DC หมวด E5 | T53: =SUM(C53:R53) -> 0
B54: รวม DC หมวด E | C54: =SUM(C48:C53) -> 0 | D54: =SUM(D48:D53) -> 0 | E54: =SUM(E48:E53) -> 0 | F54: =SUM(F48:F53) -> 0 | G54: =SUM(G48:G53) -> 0 | H54: =SUM(H48:H53) -> 0 | I54: =SUM(I48:I53) -> 0 | J54: =SUM(J48:J53) -> 0 | ... R54: =SUM(R48:R53) -> 337 | T54: =SUM(C54:R54) -> 1797
T55: =SUM(C55:R55) -> 0
B56: DC SUPPLY | C56: =C24+C33+C38+C44+C47+C54 -> 49 | D56: =D24+D33+D38+D44+D47+D54 -> 73 | E56: =E24+E33+E38+E44+E47+E54 -> 81 | F56: =F24+F33+F38+F44+F47+F54 -> 97 | G56: =G24+G33+G38+G44+G47+G54 -> 129 | H56: =H24+H33+H38+H44+H47+H54 -> 129 | I56: =I24+I33+I38+I44+I47+I54 -> 129 | J56: =J24+J33+J38+J44+J47+J54 -> 123 | ... R56: =R24+R33+R38+R44+R47+R54 -> 372 | T56: =SUM(C56:R56) -> 3349
A57: B | B57: SUB-CONTRACTOR (STRUCTURE) | T57: =SUM(C57:R57) -> 0
B58: อาคาร A-D | D58: 60 | E58: 120 | F58: 200 | G58: 200 | H58: 200 | I58: 200 | J58: 100 | K58: 60 | S58: Sub-con | T58: =SUM(C58:R58) -> 1140
B59: อาคาร E | E59: 15 | F59: 30 | G59: 40 | H59: 40 | I59: 40 | J59: 40 | K59: 20 | S59: Sub-con | T59: =SUM(C59:R59) -> 225
B60: ชุด Sink บ่อ | F60: 10 | G60: 10 | H60: 10 | I60: 10 | J60: 20 | K60: 20 | S60: Sub-con | T60: =SUM(C60:R60) -> 80
B61: งานภายนอก | I61: 40 | J61: 40 | K61: 40 | L61: 40 | M61: 40 | N61: 40 | S61: Sub-con | T61: =SUM(C61:R61) -> 240
B62: ชุดทำบันได | E62: 16 | F62: 16 | G62: 16 | H62: 16 | I62: 16 | S62: Sub-con | T62: =SUM(C62:R62) -> 80
B63: ชุดวางสลิง | E63: 10 | F63: 10 | G63: 10 | H63: 10 | I63: 10 | S63: Supplier | T63: =SUM(C63:R63) -> 50
T64: =SUM(C64:R64) -> 0
B65: SUB-CONTRACTOR (STRUCTURE) | C65: =SUM(C58:C64) -> 0 | D65: =SUM(D58:D64) -> 60 | E65: =SUM(E58:E64) -> 161 | F65: =SUM(F58:F64) -> 266 | G65: =SUM(G58:G64) -> 276 | H65: =SUM(H58:H64) -> 276 | I65: =SUM(I58:I64) -> 316 | J65: =SUM(J58:J64) -> 200 | ... R65: =SUM(R58:R64) -> 0 | T65: =SUM(C65:R65) -> 1815
A66: C | B66: SUB-CONTRACTOR (ARCHITECT) | T66: =SUM(C66:R66) -> 0
B67: TOWER | T67: =SUM(C67:R67) -> 0
A68: 1 | B68: Brick & Plastering | G68: 60 | H68: 120 | I68: 120 | J68: 120 | K68: 120 | S68: Sub-con | T68: =SUM(C68:R68) -> 540
A69: 2 | B69: Topping | G69: 20 | H69: 20 | I69: 20 | J69: 20 | K69: 20 | S69: Sub-con | T69: =SUM(C69:R69) -> 100
A70: 3 | B70: Ceiling | I70: 40 | J70: 40 | K70: 40 | L70: 40 | S70: Supplier | T70: =SUM(C70:R70) -> 160
A71: 4 | B71: Tiling | I71: 30 | J71: 60 | K71: 60 | L71: 60 | M71: 60 | N71: 60 | O71: 60 | S71: Sub-con | T71: =SUM(C71:R71) -> 390
A72: 5 | B72: Hand Rail | H72: 24 | I72: 24 | J72: 24 | K72: 24 | L72: 24 | M72: 24 | N72: 24 | O72: 24 | S72: Supplier | T72: =SUM(C72:R72) -> 192
A73: 6 | B73: Aluminium Door & Window | J73: 20 | K73: 40 | L73: 40 | M73: 40 | N73: 40 | O73: 40 | P73: 20 | Q73: 10 | R73: 10 | S73: Supplier | T73: =SUM(C73:R73) -> 260
A74: 7 | B74: Timber Door | J74: 10 | K74: 10 | L74: 10 | M74: 10 | N74: 10 | O74: 10 | P74: 10 | S74: Supplier | T74: =SUM(C74:R74) -> 70
A75: 8 | B75: Painting | I75: 80 | J75: 80 | K75: 80 | S75: DC | T75: =SUM(C75:R75) -> 240
A76: 9 | B76: Sanitary Ware | J76: 10 | K76: 10 | L76: 10 | M76: 10 | N76: 10 | O76: 10 | P76: 10 | S76: Supplier | T76: =SUM(C76:R76) -> 70
A77: 10 | B77: Timber /Laminate Floor | K77: 24 | L77: 24 | M77: 24 | N77: 24 | O77: 24 | P77: 24 | S77: Supplier | T77: =SUM(C77:R77) -> 144
T78: =SUM(C78:R78) -> 0
B79: SUB-CONTRACTOR (ARCHITECT) | C79: =SUM(C68:C78) -> 0 | D79: =SUM(D68:D78) -> 0 | E79: =SUM(E68:E78) -> 0 | F79: =SUM(F68:F78) -> 0 | G79: =SUM(G68:G78) -> 80 | H79: =SUM(H68:H78) -> 164 | I79: =SUM(I68:I78) -> 314 | J79: =SUM(J68:J78) -> 384 | ... R79: =SUM(R68:R78) -> 10 | T79: =SUM(C79:R79) -> 2166
T80: =SUM(C80:R80) -> 0
B81: TOTAL MANPOWER | C81: =+C79+C65+C56 -> 49 | D81: =+D79+D65+D56 -> 133 | E81: =+E79+E65+E56 -> 242 | F81: =+F79+F65+F56 -> 363 | G81: =+G79+G65+G56 -> 485 | H81: =+H79+H65+H56 -> 569 | I81: =+I79+I65+I56 -> 759 | J81: =+J79+J65+J56 -> 707 | ... R81: =+R79+R65+R56 -> 382 | T81: =SUM(C81:R81) -> 7330
B83: แรงงานพักแค้มป์ (คน) | C83: =C81 -> 49 | D83: =D81 -> 133 | E83: =E81 -> 242 | F83: =F81 -> 363 | G83: =G81 -> 485 | H83: =H81 -> 569 | I83: =I81 -> 759 | J83: =J81 -> 707 | ... R83: =R81 -> 382
B84: จำนวนห้องพัก (ห้อง) | C84: =C83/2 -> 24.5 | D84: =D83/2 -> 66.5 | E84: =E83/2 -> 121 | F84: =F83/2 -> 181.5 | G84: =G83/2 -> 242.5 | H84: =H83/2 -> 284.5 | I84: =I83/2 -> 379.5 | J84: =J83/2 -> 353.5 | ... R84: =R83/2 -> 191
B85: จำนวนห้องพัก (หลัง@40 ห้อง) | C85: =C84/40 -> 0.6125 | D85: =D84/40 -> 1.6625 | E85: =E84/40 -> 3.025 | F85: =F84/40 -> 4.5375 | G85: =G84/40 -> 6.0625 | H85: =H84/40 -> 7.1125 | I85: =I84/40 -> 9.4875 | J85: =J84/40 -> 8.8375 | ... R85: =R84/40 -> 4.775
B87: จำนวนเที่ยวรถโดยสาร (35 คน/เที่ยว) | C87: =C83/35 -> 1.4 | D87: =D83/35 -> 3.8 | E87: =E83/35 -> 6.9142857 | F87: =F83/35 -> 10.371429 | G87: =G83/35 -> 13.857143 | H87: =H83/35 -> 16.257143 | I87: =I83/35 -> 21.685714 | J87: =J83/35 -> 20.2 | ... R87: =R83/35 -> 10.914286
B88: รวมราคาค่ารถโดยสาร NCA (700 บาท/เที่ยว) | C88: 2 | D88: 4 | E88: 8 | F88: 11 | G88: 15 | H88: 17 | I88: 23 | J88: 21 | K88: 20 | L88: 16 | M88: 17 | N88: 16 | O88: 15 | P88: 12 | Q88: 12 | R88: 11 | S88: =SUM(C88:R88)*700*2*30 -> 9240000
B91: ค่าเช่าพื้นที่ 1.5 ไร่ (130,000 บาท/เดือน) | C91: 1 | D91: 1 | E91: 1 | F91: 1 | G91: 1 | H91: 1 | I91: 1 | J91: 1 | K91: 1 | L91: 1 | M91: 1 | N91: 1 | O91: 1 | P91: 1 | Q91: 1 | R91: 1 | S91: =SUM(C91:R91)*130000 -> 2080000
B92: ค่าก่อสร้างแค้มป์ จำนวน 6 หลัง | C92: 1 | D92: 2 | E92: 3 | F92: 5 | G92: 6 | H92: 6 | I92: 6 | J92: 6 | K92: 6 | L92: 6 | M92: 6 | N92: 6 | O92: 6 | P92: 6 | Q92: 6 | R92: 6
B93: ค่ารถโดยสารไปกลับไซต์ (350 บาท/เที่ยว) | C93: 2 | D93: 4 | E93: 8 | F93: 11 | G93: 15 | H93: 15 | I93: 15 | J93: 15 | K93: 15 | L93: 15 | M93: 15 | N93: 15 | O93: 15 | P93: 12 | Q93: 12 | R93: 11 | S93: =SUM(C93:R93)*350*2*30 -> 4095000
B94: ค่ารถโดยสารไปกลับไซต์ NCA (700 บาท/เที่ยว) | H94: 2 | I94: 8 | J94: 6 | K94: 5 | L94: 1 | M94: 2 | N94: 1 | S94: =SUM(C94:R94)*350*2*30 -> 525000
B96: รวม | S96: =SUM(S91:S95) -> 6700000
B98: ประเมินมูลค่าต่างกันประมาณ 2.5 ล้านบาท แต่ยังไม่รวมค่าใช้จ่ายอื่นๆ ดังนี้ | S98: =S88-S96 -> 2540000
B99: 1.ค่ารื้อถอน - ติดตั้งแค้มป์ (รวมขนส่ง)
B100: 2.ค่าขอไฟฟ้า - ประปา
B101: 3.ค่าเทคอนกรีตพื้น , ค่ารั้ว , ค่าก่อสร้างห้องน้ำ

Sheet Feb26
B2: จำนวนแรงงาน DC แยกตามหมวดงาน ประจำเดือน กุมภาพันธ์ 2569
B3: หมวดงาน | D3: หมวดงานย่อย | F3: จำนวนแรงงาน (คน) | M3: รวม
M4: หมวดงานย่อย | O4: หมวดงาน
F5: A | G5: B | H5: C | I5: D | J5: E | K5: LA | L5: กองกลาง | M5: จำนวนคน | N5: % | O5: จำนวนคน | P5: %
B6: A | C6: งานประจำในไซต์งาน | D6: A1 | E6: งานเซอร์เวย์ / ตีไลน์ | L6: 3 | M6: =SUM(F6:L6) -> 3 | N6: =M6/$M$91 -> 0.15789474 | O6: =SUM(M6:M13) -> 5 | P6: =O6/O91 -> 0.26315789
D7: A2 | E7: งานสโตร์ / เช็กเกอร์ | M7: =SUM(F7:L7) -> 0 | N7: =M7/$M$91 -> 0
D8: A3 | E8: งานซ่อมบำรุง / บริการหน้างาน (ไฟฟ้า, ประปา) | L8: 1 | M8: =SUM(F8:L8) -> 1 | N8: =M8/$M$91 -> 0.052631579
D9: A4 | E9: งานแม่บ้าน / ทำความสะอาด | L9: 1 | M9: =SUM(F9:L9) -> 1 | N9: =M9/$M$91 -> 0.052631579
D10: A5 | E10: งานขับเครน /บอกเครน /เครื่องจักร /รถยนต์ | M10: =SUM(F10:L10) -> 0 | N10: =M10/$M$91 -> 0
E11: A5.1 - งานขับเครน / บอกเครน | M11: =SUM(F11:L11) -> 0 | N11: =M11/$M$91 -> 0
E12: A5.2 - ขับเครื่องจักร (ลิฟต์ / โฟล์คลิฟต์ / แบ็กโฮ ฯลฯ) | M12: =SUM(F12:L12) -> 0 | N12: =M12/$M$91 -> 0
E13: A5.3 - ขับรถยนต์ | M13: =SUM(F13:L13) -> 0 | N13: =M13/$M$91 -> 0
B14: B | C14: งานพื้นที่บริเวณชั้น 1 | D14: B1 | E14: งานป้องกันดินพัง / งานใต้ดิน | M14: =SUM(F14:L14) -> 0 | N14: =M14/$M$91 -> 0 | O14: =SUM(M14:M40) -> 10 | P14: =O14/O91 -> 0.52631579
E15: B1.1 - งานระบบป้องกันดินพัง | M15: =SUM(F15:L15) -> 0 | N15: =M15/$M$91 -> 0
E16: B1.2 - งานโครงสร้างใต้ดิน | M16: =SUM(F16:L16) -> 0 | N16: =M16/$M$91 -> 0
D17: B2 | E17: งานจัดเตรียมพื้นที่บริเวณชั้น 1 | M17: =SUM(F17:L17) -> 0 | N17: =M17/$M$91 -> 0
E18: B2.1 - งานเตรียมการ สำนักงาน, สโตร์, ห้องน้ำ, ป้าย, รั้ว, ป้อม, ประตู | L18: 10 | M18: =SUM(F18:L18) -> 10 | N18: =M18/$M$91 -> 0.52631579
E19: B2.2 - งานเตรียมพื้นที่กองวัสดุ / เหล็ก / ไม้แบบ / Silo อื่น ๆ | M19: =SUM(F19:L19) -> 0 | N19: =M19/$M$91 -> 0
E20: B2.3 - งานติดตั้งอุปกรณ์สำนักงาน / กล้องวงจรปิด | M20: =SUM(F20:L20) -> 0 | N20: =M20/$M$91 -> 0
E21: B2.4 - งานเตรียมพื้นที่บริเวณรับประทานอาหาร, ลานปูน, ถนน, ทางเดิน, หลังคาคลุม | M21: =SUM(F21:L21) -> 0 | N21: =M21/$M$91 -> 0
E22: B2.5 - งานจัดเรียงวัสดุให้เป็นระเบียบ | M22: =SUM(F22:L22) -> 0 | N22: =M22/$M$91 -> 0
E23: B2.6 - งานปูแผ่นเหล็กทางเดิน | M23: =SUM(F23:L23) -> 0 | N23: =M23/$M$91 -> 0
E24: B2.7 - งานตั้ง TC / ลิฟต์ชั่วคราว / Silo | M24: =SUM(F24:L24) -> 0 | N24: =M24/$M$91 -> 0
E25: B2.8 - งานเทคอนกรีตชั่วคราวบริเวณพื้นที่ชั้น 1 | M25: =SUM(F25:L25) -> 0 | N25: =M25/$M$91 -> 0
E26: B2.9 - งานจัดเตรียมอื่น ๆ | M26: =SUM(F26:L26) -> 0 | N26: =M26/$M$91 -> 0
D27: B3 | E27: งานความสะอาดบริเวณชั้น 1 | M27: =SUM(F27:L27) -> 0 | N27: =M27/$M$91 -> 0
E28: B3.1 - ทำความสะอาดบริเวณชั้น 1 | M28: =SUM(F28:L28) -> 0 | N28: =M28/$M$91 -> 0
E29: B3.2 - สูบน้ำ / ล้างล้อ / กวาดถนน | M29: =SUM(F29:L29) -> 0 | N29: =M29/$M$91 -> 0
D30: B4 | E30: งานเก็บขยะ / ขนขยะ บริเวณชั้น 1 | M30: =SUM(F30:L30) -> 0 | N30: =M30/$M$91 -> 0
D31: B5 | E31: งานขนย้ายวัสดุบริเวณชั้น 1 | M31: =SUM(F31:L31) -> 0 | N31: =M31/$M$91 -> 0
E32: B5.1 - รับวัสดุ / ขนวัสดุลงจากรถ | M32: =SUM(F32:L32) -> 0 | N32: =M32/$M$91 -> 0
E33: B5.2 - ส่งวัสดุขึ้นรถขนส่ง ส่งกลับร้านค้า / DSC | M33: =SUM(F33:L33) -> 0 | N33: =M33/$M$91 -> 0
E34: B5.3 - ขนย้ายวัสดุในโครงการ | M34: =SUM(F34:L34) -> 0 | N34: =M34/$M$91 -> 0
D35: B6 | E35: งานบริการอื่น ๆ บริเวณชั้น 1 | M35: =SUM(F35:L35) -> 0 | N35: =M35/$M$91 -> 0
E36: B6.1 - งานโบกรถ / จราจร | M36: =SUM(F36:L36) -> 0 | N36: =M36/$M$91 -> 0
E37: B6.2 - งานทาสีกันสนิมเหล็กกล่อง / แป๊บกลม | M37: =SUM(F37:L37) -> 0 | N37: =M37/$M$91 -> 0
E38: B6.3 - งานสำนักงานขาย | M38: =SUM(F38:L38) -> 0 | N38: =M38/$M$91 -> 0
E39: B6.4 - งานทำห้องเก็บวัสดุ / ห้องตัวอย่าง Mockup | M39: =SUM(F39:L39) -> 0 | N39: =M39/$M$91 -> 0
E40: B6.5 - งานอื่น ๆ บริเวณชั้น 1 | M40: =SUM(F40:L40) -> 0 | N40: =M40/$M$91 -> 0
B41: C | C41: งานพื้นที่ในตัวอาคาร | D41: C1 | E41: งานความสะอาดตามชั้น | M41: =SUM(F41:L41) -> 0 | N41: =M41/$M$91 -> 0 | O41: =SUM(M41:M58) -> 0 | P41: =O41/O91 -> 0
D42: C2 | E42: งานเก็บ / ขนขยะ | M42: =SUM(F42:L42) -> 0 | N42: =M42/$M$91 -> 0
D43: C3 | E43: งานขนส่ง / ขนย้ายวัสดุ | M43: =SUM(F43:L43) -> 0 | N43: =M43/$M$91 -> 0
E44: C3.1 - งานรื้อ / ขนย้ายไม้แบบ นั่งร้าน และอุปกรณ์ | M44: =SUM(F44:L44) -> 0 | N44: =M44/$M$91 -> 0
E45: C3.2 - งานขนวัสดุงานโครงสร้าง ขึ้น-ลง อาคาร | M45: =SUM(F45:L45) -> 0 | N45: =M45/$M$91 -> 0
E46: C3.3 - งานขนวัสดุงานสถาปัตย์ ขึ้น-ลง อาคาร | M46: =SUM(F46:L46) -> 0 | N46: =M46/$M$91 -> 0
E47: C3.4 - งานขนย้ายเศษวัสดุ | M47: =SUM(F47:L47) -> 0 | N47: =M47/$M$91 -> 0
D48: C4 | E48: งานติดตั้งท่าเรือ / บันได / นั่งร้าน / platform | M48: =SUM(F48:L48) -> 0 | N48: =M48/$M$91 -> 0
D49: C5 | E49: งานแก้ไขโครงสร้าง | M49: =SUM(F49:L49) -> 0 | N49: =M49/$M$91 -> 0
E50: C5.1 - งานสกัดผิวโครงสร้าง เสา / ผนัง/ คาน | M50: =SUM(F50:L50) -> 0 | N50: =M50/$M$91 -> 0
E51: C5.2 - งานแก้ไขโครงสร้าง | M51: =SUM(F51:L51) -> 0 | N51: =M51/$M$91 -> 0
D52: C6 | E52: งานแก้ไขสถาปัตย์ | M52: =SUM(F52:L52) -> 0 | N52: =M52/$M$91 -> 0
E53: C6.1 - งานสกัดผิวสถาปัตย์ | M53: =SUM(F53:L53) -> 0 | N53: =M53/$M$91 -> 0
E54: C6.2 - งานแก้ไขสถาปัตย์ | M54: =SUM(F54:L54) -> 0 | N54: =M54/$M$91 -> 0
D55: C7 | E55: งานบริการอื่น ๆ ในตัวอาคาร | M55: =SUM(F55:L55) -> 0 | N55: =M55/$M$91 -> 0
E56: C7.1 - ถือกุญแจประจำชั้น | M56: =SUM(F56:L56) -> 0 | N56: =M56/$M$91 -> 0
E57: C7.2 - งาน Wrap วัสดุ (บานประตู, กระเบื้อง, พื้นไม้, สุขภัณฑ์ ฯลฯ) | M57: =SUM(F57:L57) -> 0 | N57: =M57/$M$91 -> 0
E58: C7.3 - งานอื่น ๆ ในตัวอาคาร | M58: =SUM(F58:L58) -> 0 | N58: =M58/$M$91 -> 0
B59: D | C59: งานความปลอดภัย บ้านข้างเคียง และแคมป์คนงาน | D59: D1 | E59: ดูแลพื้นที่ไซต์งาน / คัดกรองแรงงาน / เฝ้าไซต์ | M59: =SUM(F59:L59) -> 0 | N59: =M59/$M$91 -> 0 | O59: =SUM(M59:M68) -> 4 | P59: =O59/O91 -> 0.21052632
D60: D2 | E60: แคมป์คนงาน | M60: =SUM(F60:L60) -> 0 | N60: =M60/$M$91 -> 0
E61: D2.1 - พ่อบ้าน / แม่บ้านแคมป์ | M61: =SUM(F61:L61) -> 0 | N61: =M61/$M$91 -> 0
E62: D2.2 - งานในแคมป์ | M62: =SUM(F62:L62) -> 0 | N62: =M62/$M$91 -> 0
D63: D3 | E63: งานติดตั้ง-รื้อถอน วัสดุอุปกรณ์ความปลอดภัย | M63: =SUM(F63:L63) -> 0 | N63: =M63/$M$91 -> 0
E64: D3.1 - ป้ายความปลอดภัย | M64: =SUM(F64:L64) -> 0 | N64: =M64/$M$91 -> 0
E65: D3.2 - ราวกันตก / แผงกันฝุ่น / Protection | L65: 4 | M65: =SUM(F65:L65) -> 4 | N65: =M65/$M$91 -> 0.21052632
D66: D4 | E66: งานบริการบ้านข้างเคียง | M66: =SUM(F66:L66) -> 0 | N66: =M66/$M$91 -> 0
D67: D5 | E67: งานช่วยเหลือสาธารณะ (CSR) | M67: =SUM(F67:L67) -> 0 | N67: =M67/$M$91 -> 0
D68: D6 | E68: ชดเชยค่าแรง (EIA) | M68: =SUM(F68:L68) -> 0 | N68: =M68/$M$91 -> 0
B69: E | C69: หมวดส่งงาน | D69: E1 | E69: งานส่งห้องพัก (ส่ง QA Pass) | M69: =SUM(F69:L69) -> 0 | N69: =M69/$M$91 -> 0 | O69: =SUM(M69:M73) -> 0 | P69: =O69/O91 -> 0
D70: E2 | E70: งานส่งโถงทางเดิน / โถงลิฟต์ / โถงบันได (ส่ง QA Pass) | M70: =SUM(F70:L70) -> 0 | N70: =M70/$M$91 -> 0
D71: E3 | E71: งานส่งพื้นที่ส่วนกลางอื่น ๆ (ส่ง QA Pass) | M71: =SUM(F71:L71) -> 0 | N71: =M71/$M$91 -> 0
D72: E4 | E72: งานส่งห้องพัก (ส่งหลัง QA Pass) | M72: =SUM(F72:L72) -> 0 | N72: =M72/$M$91 -> 0
D73: E5 | E73: งานส่งส่วนกลาง (ส่งหลัง QA Pass) | M73: =SUM(F73:L73) -> 0 | N73: =M73/$M$91 -> 0
B74: F | C74: งานสกิมและทาสี | D74: F1 | E74: งานทาสีภายใน | M74: =SUM(F74:L74) -> 0 | N74: =M74/$M$91 -> 0 | O74: =SUM(M74:M86) -> 0 | P74: =O74/O91 -> 0
E75: F1.1 - งานทาสีผนัง ภายใน | M75: =SUM(F75:L75) -> 0 | N75: =M75/$M$91 -> 0
E76: F1.2 - งานทาสีฝ้าเพดาน ภายใน | M76: =SUM(F76:L76) -> 0 | N76: =M76/$M$91 -> 0
D77: F2 | E77: งานทาสีภายนอก | M77: =SUM(F77:L77) -> 0 | N77: =M77/$M$91 -> 0
E78: F2.1 - งานทาสีผนัง ภายนอก | M78: =SUM(F78:L78) -> 0 | N78: =M78/$M$91 -> 0
E79: F2.2 - งานทาสีฝ้าเพดาน ภายนอก | M79: =SUM(F79:L79) -> 0 | N79: =M79/$M$91 -> 0
D80: F3 | E80: งาน Skim Coat | M80: =SUM(F80:L80) -> 0 | N80: =M80/$M$91 -> 0
E81: F3.1 - งาน Skim Coat ผนัง | M81: =SUM(F81:L81) -> 0 | N81: =M81/$M$91 -> 0
E82: F3.2 - งาน Skim Coat ฝ้าเพดาน | M82: =SUM(F82:L82) -> 0 | N82: =M82/$M$91 -> 0
E83: F3.3 - งาน Skim Coat บันได | M83: =SUM(F83:L83) -> 0 | N83: =M83/$M$91 -> 0
D84: F4 | E84: งานทาสีน้ำมัน | M84: =SUM(F84:L84) -> 0 | N84: =M84/$M$91 -> 0
E85: F4.1 - งานทาสี วงกบ+ประตู | M85: =SUM(F85:L85) -> 0 | N85: =M85/$M$91 -> 0
E86: F4.2 - งานทาสีราวกันตกระเบียง | M86: =SUM(F86:L86) -> 0 | N86: =M86/$M$91 -> 0
B87: G | C87: DC ทำงานเนื้องาน | D87: G1 | E87: ทำงานเนื้องานโครงสร้าง | M87: =SUM(F87:L87) -> 0 | N87: =M87/$M$91 -> 0 | O87: =SUM(M87:M88) -> 0 | P87: =O87/O91 -> 0
D88: G2 | E88: ทำงานเนื้องานสถาปัตย์ | M88: =SUM(F88:L88) -> 0 | N88: =M88/$M$91 -> 0
B89: H | C89: เก็บงานแผ่นดินไหว | D89: H1 | E89: เก็บซ่อมงานแผ่นดินไหว | M89: =SUM(F89:L89) -> 0 | N89: =M89/$M$91 -> 0 | O89: =M89 -> 0 | P89: =O89/O91 -> 0
B90: I | C90: ช่วยงานไซต์อื่น | D90: J1 | E90: ส่งไปช่วยเหลือไซต์อื่น | M90: =SUM(F90:L90) -> 0 | N90: =M90/$M$91 -> 0 | O90: =M90 -> 0 | P90: =O90/O91 -> 0
B91: รวม | F91: =SUM(F6:F90) -> 0 | G91: =SUM(G6:G90) -> 0 | H91: =SUM(H6:H90) -> 0 | I91: =SUM(I6:I90) -> 0 | J91: =SUM(J6:J90) -> 0 | K91: =SUM(K6:K90) -> 0 | L91: =SUM(L6:L90) -> 19 | M91: =SUM(M6:M90) -> 19 | ... P91: =SUM(P6:P90) -> 1

Sheet Mar26
B2: จำนวนแรงงาน DC แยกตามหมวดงาน ประจำเดือน มีนาคม 2569
B3: หมวดงาน | D3: หมวดงานย่อย | F3: จำนวนแรงงาน (คน) | M3: รวม
M4: หมวดงานย่อย | O4: หมวดงาน
F5: A | G5: B | H5: C | I5: D | J5: E | K5: LA | L5: กองกลาง | M5: จำนวนคน | N5: % | O5: จำนวนคน | P5: %
B6: A | C6: งานประจำในไซต์งาน | D6: A1 | E6: งานเซอร์เวย์ / ตีไลน์ | L6: 3 | M6: =SUM(F6:L6) -> 3 | N6: =M6/$M$91 -> 0.15789474 | O6: =SUM(M6:M13) -> 5 | P6: =O6/O91 -> 0.26315789
D7: A2 | E7: งานสโตร์ / เช็กเกอร์ | M7: =SUM(F7:L7) -> 0 | N7: =M7/$M$91 -> 0
D8: A3 | E8: งานซ่อมบำรุง / บริการหน้างาน (ไฟฟ้า, ประปา) | L8: 1 | M8: =SUM(F8:L8) -> 1 | N8: =M8/$M$91 -> 0.052631579
D9: A4 | E9: งานแม่บ้าน / ทำความสะอาด | L9: 1 | M9: =SUM(F9:L9) -> 1 | N9: =M9/$M$91 -> 0.052631579
D10: A5 | E10: งานขับเครน /บอกเครน /เครื่องจักร /รถยนต์ | M10: =SUM(F10:L10) -> 0 | N10: =M10/$M$91 -> 0
E11: A5.1 - งานขับเครน / บอกเครน | M11: =SUM(F11:L11) -> 0 | N11: =M11/$M$91 -> 0
E12: A5.2 - ขับเครื่องจักร (ลิฟต์ / โฟล์คลิฟต์ / แบ็กโฮ ฯลฯ) | M12: =SUM(F12:L12) -> 0 | N12: =M12/$M$91 -> 0
E13: A5.3 - ขับรถยนต์ | M13: =SUM(F13:L13) -> 0 | N13: =M13/$M$91 -> 0
B14: B | C14: งานพื้นที่บริเวณชั้น 1 | D14: B1 | E14: งานป้องกันดินพัง / งานใต้ดิน | M14: =SUM(F14:L14) -> 0 | N14: =M14/$M$91 -> 0 | O14: =SUM(M14:M40) -> 10 | P14: =O14/O91 -> 0.52631579
E15: B1.1 - งานระบบป้องกันดินพัง | M15: =SUM(F15:L15) -> 0 | N15: =M15/$M$91 -> 0
E16: B1.2 - งานโครงสร้างใต้ดิน | M16: =SUM(F16:L16) -> 0 | N16: =M16/$M$91 -> 0
D17: B2 | E17: งานจัดเตรียมพื้นที่บริเวณชั้น 1 | M17: =SUM(F17:L17) -> 0 | N17: =M17/$M$91 -> 0
E18: B2.1 - งานเตรียมการ สำนักงาน, สโตร์, ห้องน้ำ, ป้าย, รั้ว, ป้อม, ประตู | L18: 10 | M18: =SUM(F18:L18) -> 10 | N18: =M18/$M$91 -> 0.52631579
E19: B2.2 - งานเตรียมพื้นที่กองวัสดุ / เหล็ก / ไม้แบบ / Silo อื่น ๆ | M19: =SUM(F19:L19) -> 0 | N19: =M19/$M$91 -> 0
E20: B2.3 - งานติดตั้งอุปกรณ์สำนักงาน / กล้องวงจรปิด | M20: =SUM(F20:L20) -> 0 | N20: =M20/$M$91 -> 0
E21: B2.4 - งานเตรียมพื้นที่บริเวณรับประทานอาหาร, ลานปูน, ถนน, ทางเดิน, หลังคาคลุม | M21: =SUM(F21:L21) -> 0 | N21: =M21/$M$91 -> 0
E22: B2.5 - งานจัดเรียงวัสดุให้เป็นระเบียบ | M22: =SUM(F22:L22) -> 0 | N22: =M22/$M$91 -> 0
E23: B2.6 - งานปูแผ่นเหล็กทางเดิน | M23: =SUM(F23:L23) -> 0 | N23: =M23/$M$91 -> 0
E24: B2.7 - งานตั้ง TC / ลิฟต์ชั่วคราว / Silo | M24: =SUM(F24:L24) -> 0 | N24: =M24/$M$91 -> 0
E25: B2.8 - งานเทคอนกรีตชั่วคราวบริเวณพื้นที่ชั้น 1 | M25: =SUM(F25:L25) -> 0 | N25: =M25/$M$91 -> 0
E26: B2.9 - งานจัดเตรียมอื่น ๆ | M26: =SUM(F26:L26) -> 0 | N26: =M26/$M$91 -> 0
D27: B3 | E27: งานความสะอาดบริเวณชั้น 1 | M27: =SUM(F27:L27) -> 0 | N27: =M27/$M$91 -> 0
E28: B3.1 - ทำความสะอาดบริเวณชั้น 1 | M28: =SUM(F28:L28) -> 0 | N28: =M28/$M$91 -> 0
E29: B3.2 - สูบน้ำ / ล้างล้อ / กวาดถนน | M29: =SUM(F29:L29) -> 0 | N29: =M29/$M$91 -> 0
D30: B4 | E30: งานเก็บขยะ / ขนขยะ บริเวณชั้น 1 | M30: =SUM(F30:L30) -> 0 | N30: =M30/$M$91 -> 0
D31: B5 | E31: งานขนย้ายวัสดุบริเวณชั้น 1 | M31: =SUM(F31:L31) -> 0 | N31: =M31/$M$91 -> 0
E32: B5.1 - รับวัสดุ / ขนวัสดุลงจากรถ | M32: =SUM(F32:L32) -> 0 | N32: =M32/$M$91 -> 0
E33: B5.2 - ส่งวัสดุขึ้นรถขนส่ง ส่งกลับร้านค้า / DSC | M33: =SUM(F33:L33) -> 0 | N33: =M33/$M$91 -> 0
E34: B5.3 - ขนย้ายวัสดุในโครงการ | M34: =SUM(F34:L34) -> 0 | N34: =M34/$M$91 -> 0
D35: B6 | E35: งานบริการอื่น ๆ บริเวณชั้น 1 | M35: =SUM(F35:L35) -> 0 | N35: =M35/$M$91 -> 0
E36: B6.1 - งานโบกรถ / จราจร | M36: =SUM(F36:L36) -> 0 | N36: =M36/$M$91 -> 0
E37: B6.2 - งานทาสีกันสนิมเหล็กกล่อง / แป๊บกลม | M37: =SUM(F37:L37) -> 0 | N37: =M37/$M$91 -> 0
E38: B6.3 - งานสำนักงานขาย | M38: =SUM(F38:L38) -> 0 | N38: =M38/$M$91 -> 0
E39: B6.4 - งานทำห้องเก็บวัสดุ / ห้องตัวอย่าง Mockup | M39: =SUM(F39:L39) -> 0 | N39: =M39/$M$91 -> 0
E40: B6.5 - งานอื่น ๆ บริเวณชั้น 1 | M40: =SUM(F40:L40) -> 0 | N40: =M40/$M$91 -> 0
B41: C | C41: งานพื้นที่ในตัวอาคาร | D41: C1 | E41: งานความสะอาดตามชั้น | M41: =SUM(F41:L41) -> 0 | N41: =M41/$M$91 -> 0 | O41: =SUM(M41:M58) -> 0 | P41: =O41/O91 -> 0
D42: C2 | E42: งานเก็บ / ขนขยะ | M42: =SUM(F42:L42) -> 0 | N42: =M42/$M$91 -> 0
D43: C3 | E43: งานขนส่ง / ขนย้ายวัสดุ | M43: =SUM(F43:L43) -> 0 | N43: =M43/$M$91 -> 0
E44: C3.1 - งานรื้อ / ขนย้ายไม้แบบ นั่งร้าน และอุปกรณ์ | M44: =SUM(F44:L44) -> 0 | N44: =M44/$M$91 -> 0
E45: C3.2 - งานขนวัสดุงานโครงสร้าง ขึ้น-ลง อาคาร | M45: =SUM(F45:L45) -> 0 | N45: =M45/$M$91 -> 0
E46: C3.3 - งานขนวัสดุงานสถาปัตย์ ขึ้น-ลง อาคาร | M46: =SUM(F46:L46) -> 0 | N46: =M46/$M$91 -> 0
E47: C3.4 - งานขนย้ายเศษวัสดุ | M47: =SUM(F47:L47) -> 0 | N47: =M47/$M$91 -> 0
D48: C4 | E48: งานติดตั้งท่าเรือ / บันได / นั่งร้าน / platform | M48: =SUM(F48:L48) -> 0 | N48: =M48/$M$91 -> 0
D49: C5 | E49: งานแก้ไขโครงสร้าง | M49: =SUM(F49:L49) -> 0 | N49: =M49/$M$91 -> 0
E50: C5.1 - งานสกัดผิวโครงสร้าง เสา / ผนัง/ คาน | M50: =SUM(F50:L50) -> 0 | N50: =M50/$M$91 -> 0
E51: C5.2 - งานแก้ไขโครงสร้าง | M51: =SUM(F51:L51) -> 0 | N51: =M51/$M$91 -> 0
D52: C6 | E52: งานแก้ไขสถาปัตย์ | M52: =SUM(F52:L52) -> 0 | N52: =M52/$M$91 -> 0
E53: C6.1 - งานสกัดผิวสถาปัตย์ | M53: =SUM(F53:L53) -> 0 | N53: =M53/$M$91 -> 0
E54: C6.2 - งานแก้ไขสถาปัตย์ | M54: =SUM(F54:L54) -> 0 | N54: =M54/$M$91 -> 0
D55: C7 | E55: งานบริการอื่น ๆ ในตัวอาคาร | M55: =SUM(F55:L55) -> 0 | N55: =M55/$M$91 -> 0
E56: C7.1 - ถือกุญแจประจำชั้น | M56: =SUM(F56:L56) -> 0 | N56: =M56/$M$91 -> 0
E57: C7.2 - งาน Wrap วัสดุ (บานประตู, กระเบื้อง, พื้นไม้, สุขภัณฑ์ ฯลฯ) | M57: =SUM(F57:L57) -> 0 | N57: =M57/$M$91 -> 0
E58: C7.3 - งานอื่น ๆ ในตัวอาคาร | M58: =SUM(F58:L58) -> 0 | N58: =M58/$M$91 -> 0
B59: D | C59: งานความปลอดภัย บ้านข้างเคียง และแคมป์คนงาน | D59: D1 | E59: ดูแลพื้นที่ไซต์งาน / คัดกรองแรงงาน / เฝ้าไซต์ | M59: =SUM(F59:L59) -> 0 | N59: =M59/$M$91 -> 0 | O59: =SUM(M59:M68) -> 4 | P59: =O59/O91 -> 0.21052632
D60: D2 | E60: แคมป์คนงาน | M60: =SUM(F60:L60) -> 0 | N60: =M60/$M$91 -> 0
E61: D2.1 - พ่อบ้าน / แม่บ้านแคมป์ | M61: =SUM(F61:L61) -> 0 | N61: =M61/$M$91 -> 0
E62: D2.2 - งานในแคมป์ | M62: =SUM(F62:L62) -> 0 | N62: =M62/$M$91 -> 0
D63: D3 | E63: งานติดตั้ง-รื้อถอน วัสดุอุปกรณ์ความปลอดภัย | M63: =SUM(F63:L63) -> 0 | N63: =M63/$M$91 -> 0
E64: D3.1 - ป้ายความปลอดภัย | M64: =SUM(F64:L64) -> 0 | N64: =M64/$M$91 -> 0
E65: D3.2 - ราวกันตก / แผงกันฝุ่น / Protection | L65: 4 | M65: =SUM(F65:L65) -> 4 | N65: =M65/$M$91 -> 0.21052632
D66: D4 | E66: งานบริการบ้านข้างเคียง | M66: =SUM(F66:L66) -> 0 | N66: =M66/$M$91 -> 0
D67: D5 | E67: งานช่วยเหลือสาธารณะ (CSR) | M67: =SUM(F67:L67) -> 0 | N67: =M67/$M$91 -> 0
D68: D6 | E68: ชดเชยค่าแรง (EIA) | M68: =SUM(F68:L68) -> 0 | N68: =M68/$M$91 -> 0
B69: E | C69: หมวดส่งงาน | D69: E1 | E69: งานส่งห้องพัก (ส่ง QA Pass) | M69: =SUM(F69:L69) -> 0 | N69: =M69/$M$91 -> 0 | O69: =SUM(M69:M73) -> 0 | P69: =O69/O91 -> 0
D70: E2 | E70: งานส่งโถงทางเดิน / โถงลิฟต์ / โถงบันได (ส่ง QA Pass) | M70: =SUM(F70:L70) -> 0 | N70: =M70/$M$91 -> 0
D71: E3 | E71: งานส่งพื้นที่ส่วนกลางอื่น ๆ (ส่ง QA Pass) | M71: =SUM(F71:L71) -> 0 | N71: =M71/$M$91 -> 0
D72: E4 | E72: งานส่งห้องพัก (ส่งหลัง QA Pass) | M72: =SUM(F72:L72) -> 0 | N72: =M72/$M$91 -> 0
D73: E5 | E73: งานส่งส่วนกลาง (ส่งหลัง QA Pass) | M73: =SUM(F73:L73) -> 0 | N73: =M73/$M$91 -> 0
B74: F | C74: งานสกิมและทาสี | D74: F1 | E74: งานทาสีภายใน | M74: =SUM(F74:L74) -> 0 | N74: =M74/$M$91 -> 0 | O74: =SUM(M74:M86) -> 0 | P74: =O74/O91 -> 0
E75: F1.1 - งานทาสีผนัง ภายใน | M75: =SUM(F75:L75) -> 0 | N75: =M75/$M$91 -> 0
E76: F1.2 - งานทาสีฝ้าเพดาน ภายใน | M76: =SUM(F76:L76) -> 0 | N76: =M76/$M$91 -> 0
D77: F2 | E77: งานทาสีภายนอก | M77: =SUM(F77:L77) -> 0 | N77: =M77/$M$91 -> 0
E78: F2.1 - งานทาสีผนัง ภายนอก | M78: =SUM(F78:L78) -> 0 | N78: =M78/$M$91 -> 0
E79: F2.2 - งานทาสีฝ้าเพดาน ภายนอก | M79: =SUM(F79:L79) -> 0 | N79: =M79/$M$91 -> 0
D80: F3 | E80: งาน Skim Coat | M80: =SUM(F80:L80) -> 0 | N80: =M80/$M$91 -> 0
E81: F3.1 - งาน Skim Coat ผนัง | M81: =SUM(F81:L81) -> 0 | N81: =M81/$M$91 -> 0
E82: F3.2 - งาน Skim Coat ฝ้าเพดาน | M82: =SUM(F82:L82) -> 0 | N82: =M82/$M$91 -> 0
E83: F3.3 - งาน Skim Coat บันได | M83: =SUM(F83:L83) -> 0 | N83: =M83/$M$91 -> 0
D84: F4 | E84: งานทาสีน้ำมัน | M84: =SUM(F84:L84) -> 0 | N84: =M84/$M$91 -> 0
E85: F4.1 - งานทาสี วงกบ+ประตู | M85: =SUM(F85:L85) -> 0 | N85: =M85/$M$91 -> 0
E86: F4.2 - งานทาสีราวกันตกระเบียง | M86: =SUM(F86:L86) -> 0 | N86: =M86/$M$91 -> 0
B87: G | C87: DC ทำงานเนื้องาน | D87: G1 | E87: ทำงานเนื้องานโครงสร้าง | M87: =SUM(F87:L87) -> 0 | N87: =M87/$M$91 -> 0 | O87: =SUM(M87:M88) -> 0 | P87: =O87/O91 -> 0
D88: G2 | E88: ทำงานเนื้องานสถาปัตย์ | M88: =SUM(F88:L88) -> 0 | N88: =M88/$M$91 -> 0
B89: H | C89: เก็บงานแผ่นดินไหว | D89: H1 | E89: เก็บซ่อมงานแผ่นดินไหว | M89: =SUM(F89:L89) -> 0 | N89: =M89/$M$91 -> 0 | O89: =M89 -> 0 | P89: =O89/O91 -> 0
B90: I | C90: ช่วยงานไซต์อื่น | D90: J1 | E90: ส่งไปช่วยเหลือไซต์อื่น | M90: =SUM(F90:L90) -> 0 | N90: =M90/$M$91 -> 0 | O90: =M90 -> 0 | P90: =O90/O91 -> 0
B91: รวม | F91: =SUM(F6:F90) -> 0 | G91: =SUM(G6:G90) -> 0 | H91: =SUM(H6:H90) -> 0 | I91: =SUM(I6:I90) -> 0 | J91: =SUM(J6:J90) -> 0 | K91: =SUM(K6:K90) -> 0 | L91: =SUM(L6:L90) -> 19 | M91: =SUM(M6:M90) -> 19 | ... P91: =SUM(P6:P90) -> 1

Sheet Apr26
B2: จำนวนแรงงาน DC แยกตามหมวดงาน ประจำเดือน เมษายน 2569
B3: หมวดงาน | D3: หมวดงานย่อย | F3: จำนวนแรงงาน (คน) | M3: รวม
M4: หมวดงานย่อย | O4: หมวดงาน
F5: A | G5: B | H5: C | I5: D | J5: E | K5: LA | L5: กองกลาง | M5: จำนวนคน | N5: % | O5: จำนวนคน | P5: %
B6: A | C6: งานประจำในไซต์งาน | D6: A1 | E6: งานเซอร์เวย์ / ตีไลน์ | L6: 3 | M6: =SUM(F6:L6) -> 3 | N6: =M6/$M$91 -> 0.15789474 | O6: =SUM(M6:M13) -> 5 | P6: =O6/O91 -> 0.26315789
D7: A2 | E7: งานสโตร์ / เช็กเกอร์ | M7: =SUM(F7:L7) -> 0 | N7: =M7/$M$91 -> 0
D8: A3 | E8: งานซ่อมบำรุง / บริการหน้างาน (ไฟฟ้า, ประปา) | L8: 1 | M8: =SUM(F8:L8) -> 1 | N8: =M8/$M$91 -> 0.052631579
D9: A4 | E9: งานแม่บ้าน / ทำความสะอาด | L9: 1 | M9: =SUM(F9:L9) -> 1 | N9: =M9/$M$91 -> 0.052631579
D10: A5 | E10: งานขับเครน /บอกเครน /เครื่องจักร /รถยนต์ | M10: =SUM(F10:L10) -> 0 | N10: =M10/$M$91 -> 0
E11: A5.1 - งานขับเครน / บอกเครน | M11: =SUM(F11:L11) -> 0 | N11: =M11/$M$91 -> 0
E12: A5.2 - ขับเครื่องจักร (ลิฟต์ / โฟล์คลิฟต์ / แบ็กโฮ ฯลฯ) | M12: =SUM(F12:L12) -> 0 | N12: =M12/$M$91 -> 0
E13: A5.3 - ขับรถยนต์ | M13: =SUM(F13:L13) -> 0 | N13: =M13/$M$91 -> 0
B14: B | C14: งานพื้นที่บริเวณชั้น 1 | D14: B1 | E14: งานป้องกันดินพัง / งานใต้ดิน | M14: =SUM(F14:L14) -> 0 | N14: =M14/$M$91 -> 0 | O14: =SUM(M14:M40) -> 10 | P14: =O14/O91 -> 0.52631579
E15: B1.1 - งานระบบป้องกันดินพัง | M15: =SUM(F15:L15) -> 0 | N15: =M15/$M$91 -> 0
E16: B1.2 - งานโครงสร้างใต้ดิน | M16: =SUM(F16:L16) -> 0 | N16: =M16/$M$91 -> 0
D17: B2 | E17: งานจัดเตรียมพื้นที่บริเวณชั้น 1 | M17: =SUM(F17:L17) -> 0 | N17: =M17/$M$91 -> 0
E18: B2.1 - งานเตรียมการ สำนักงาน, สโตร์, ห้องน้ำ, ป้าย, รั้ว, ป้อม, ประตู | L18: 5 | M18: =SUM(F18:L18) -> 5 | N18: =M18/$M$91 -> 0.26315789
E19: B2.2 - งานเตรียมพื้นที่กองวัสดุ / เหล็ก / ไม้แบบ / Silo อื่น ๆ | L19: 5 | M19: =SUM(F19:L19) -> 5 | N19: =M19/$M$91 -> 0.26315789
E20: B2.3 - งานติดตั้งอุปกรณ์สำนักงาน / กล้องวงจรปิด | M20: =SUM(F20:L20) -> 0 | N20: =M20/$M$91 -> 0
E21: B2.4 - งานเตรียมพื้นที่บริเวณรับประทานอาหาร, ลานปูน, ถนน, ทางเดิน, หลังคาคลุม | M21: =SUM(F21:L21) -> 0 | N21: =M21/$M$91 -> 0
E22: B2.5 - งานจัดเรียงวัสดุให้เป็นระเบียบ | M22: =SUM(F22:L22) -> 0 | N22: =M22/$M$91 -> 0
E23: B2.6 - งานปูแผ่นเหล็กทางเดิน | M23: =SUM(F23:L23) -> 0 | N23: =M23/$M$91 -> 0
E24: B2.7 - งานตั้ง TC / ลิฟต์ชั่วคราว / Silo | M24: =SUM(F24:L24) -> 0 | N24: =M24/$M$91 -> 0
E25: B2.8 - งานเทคอนกรีตชั่วคราวบริเวณพื้นที่ชั้น 1 | M25: =SUM(F25:L25) -> 0 | N25: =M25/$M$91 -> 0
E26: B2.9 - งานจัดเตรียมอื่น ๆ | M26: =SUM(F26:L26) -> 0 | N26: =M26/$M$91 -> 0
D27: B3 | E27: งานความสะอาดบริเวณชั้น 1 | M27: =SUM(F27:L27) -> 0 | N27: =M27/$M$91 -> 0
E28: B3.1 - ทำความสะอาดบริเวณชั้น 1 | M28: =SUM(F28:L28) -> 0 | N28: =M28/$M$91 -> 0
E29: B3.2 - สูบน้ำ / ล้างล้อ / กวาดถนน | M29: =SUM(F29:L29) -> 0 | N29: =M29/$M$91 -> 0
D30: B4 | E30: งานเก็บขยะ / ขนขยะ บริเวณชั้น 1 | M30: =SUM(F30:L30) -> 0 | N30: =M30/$M$91 -> 0
D31: B5 | E31: งานขนย้ายวัสดุบริเวณชั้น 1 | M31: =SUM(F31:L31) -> 0 | N31: =M31/$M$91 -> 0
E32: B5.1 - รับวัสดุ / ขนวัสดุลงจากรถ | M32: =SUM(F32:L32) -> 0 | N32: =M32/$M$91 -> 0
E33: B5.2 - ส่งวัสดุขึ้นรถขนส่ง ส่งกลับร้านค้า / DSC | M33: =SUM(F33:L33) -> 0 | N33: =M33/$M$91 -> 0
E34: B5.3 - ขนย้ายวัสดุในโครงการ | M34: =SUM(F34:L34) -> 0 | N34: =M34/$M$91 -> 0
D35: B6 | E35: งานบริการอื่น ๆ บริเวณชั้น 1 | M35: =SUM(F35:L35) -> 0 | N35: =M35/$M$91 -> 0
E36: B6.1 - งานโบกรถ / จราจร | M36: =SUM(F36:L36) -> 0 | N36: =M36/$M$91 -> 0
E37: B6.2 - งานทาสีกันสนิมเหล็กกล่อง / แป๊บกลม | M37: =SUM(F37:L37) -> 0 | N37: =M37/$M$91 -> 0
E38: B6.3 - งานสำนักงานขาย | M38: =SUM(F38:L38) -> 0 | N38: =M38/$M$91 -> 0
E39: B6.4 - งานทำห้องเก็บวัสดุ / ห้องตัวอย่าง Mockup | M39: =SUM(F39:L39) -> 0 | N39: =M39/$M$91 -> 0
E40: B6.5 - งานอื่น ๆ บริเวณชั้น 1 | M40: =SUM(F40:L40) -> 0 | N40: =M40/$M$91 -> 0
B41: C | C41: งานพื้นที่ในตัวอาคาร | D41: C1 | E41: งานความสะอาดตามชั้น | M41: =SUM(F41:L41) -> 0 | N41: =M41/$M$91 -> 0 | O41: =SUM(M41:M58) -> 0 | P41: =O41/O91 -> 0
D42: C2 | E42: งานเก็บ / ขนขยะ | M42: =SUM(F42:L42) -> 0 | N42: =M42/$M$91 -> 0
D43: C3 | E43: งานขนส่ง / ขนย้ายวัสดุ | M43: =SUM(F43:L43) -> 0 | N43: =M43/$M$91 -> 0
E44: C3.1 - งานรื้อ / ขนย้ายไม้แบบ นั่งร้าน และอุปกรณ์ | M44: =SUM(F44:L44) -> 0 | N44: =M44/$M$91 -> 0
E45: C3.2 - งานขนวัสดุงานโครงสร้าง ขึ้น-ลง อาคาร | M45: =SUM(F45:L45) -> 0 | N45: =M45/$M$91 -> 0
E46: C3.3 - งานขนวัสดุงานสถาปัตย์ ขึ้น-ลง อาคาร | M46: =SUM(F46:L46) -> 0 | N46: =M46/$M$91 -> 0
E47: C3.4 - งานขนย้ายเศษวัสดุ | M47: =SUM(F47:L47) -> 0 | N47: =M47/$M$91 -> 0
D48: C4 | E48: งานติดตั้งท่าเรือ / บันได / นั่งร้าน / platform | M48: =SUM(F48:L48) -> 0 | N48: =M48/$M$91 -> 0
D49: C5 | E49: งานแก้ไขโครงสร้าง | M49: =SUM(F49:L49) -> 0 | N49: =M49/$M$91 -> 0
E50: C5.1 - งานสกัดผิวโครงสร้าง เสา / ผนัง/ คาน | M50: =SUM(F50:L50) -> 0 | N50: =M50/$M$91 -> 0
E51: C5.2 - งานแก้ไขโครงสร้าง | M51: =SUM(F51:L51) -> 0 | N51: =M51/$M$91 -> 0
D52: C6 | E52: งานแก้ไขสถาปัตย์ | M52: =SUM(F52:L52) -> 0 | N52: =M52/$M$91 -> 0
E53: C6.1 - งานสกัดผิวสถาปัตย์ | M53: =SUM(F53:L53) -> 0 | N53: =M53/$M$91 -> 0
E54: C6.2 - งานแก้ไขสถาปัตย์ | M54: =SUM(F54:L54) -> 0 | N54: =M54/$M$91 -> 0
D55: C7 | E55: งานบริการอื่น ๆ ในตัวอาคาร | M55: =SUM(F55:L55) -> 0 | N55: =M55/$M$91 -> 0
E56: C7.1 - ถือกุญแจประจำชั้น | M56: =SUM(F56:L56) -> 0 | N56: =M56/$M$91 -> 0
E57: C7.2 - งาน Wrap วัสดุ (บานประตู, กระเบื้อง, พื้นไม้, สุขภัณฑ์ ฯลฯ) | M57: =SUM(F57:L57) -> 0 | N57: =M57/$M$91 -> 0
E58: C7.3 - งานอื่น ๆ ในตัวอาคาร | M58: =SUM(F58:L58) -> 0 | N58: =M58/$M$91 -> 0
B59: D | C59: งานความปลอดภัย บ้านข้างเคียง และแคมป์คนงาน | D59: D1 | E59: ดูแลพื้นที่ไซต์งาน / คัดกรองแรงงาน / เฝ้าไซต์ | M59: =SUM(F59:L59) -> 0 | N59: =M59/$M$91 -> 0 | O59: =SUM(M59:M68) -> 4 | P59: =O59/O91 -> 0.21052632
D60: D2 | E60: แคมป์คนงาน | M60: =SUM(F60:L60) -> 0 | N60: =M60/$M$91 -> 0
E61: D2.1 - พ่อบ้าน / แม่บ้านแคมป์ | M61: =SUM(F61:L61) -> 0 | N61: =M61/$M$91 -> 0
E62: D2.2 - งานในแคมป์ | M62: =SUM(F62:L62) -> 0 | N62: =M62/$M$91 -> 0
D63: D3 | E63: งานติดตั้ง-รื้อถอน วัสดุอุปกรณ์ความปลอดภัย | M63: =SUM(F63:L63) -> 0 | N63: =M63/$M$91 -> 0
E64: D3.1 - ป้ายความปลอดภัย | M64: =SUM(F64:L64) -> 0 | N64: =M64/$M$91 -> 0
E65: D3.2 - ราวกันตก / แผงกันฝุ่น / Protection | L65: 4 | M65: =SUM(F65:L65) -> 4 | N65: =M65/$M$91 -> 0.21052632
D66: D4 | E66: งานบริการบ้านข้างเคียง | M66: =SUM(F66:L66) -> 0 | N66: =M66/$M$91 -> 0
D67: D5 | E67: งานช่วยเหลือสาธารณะ (CSR) | M67: =SUM(F67:L67) -> 0 | N67: =M67/$M$91 -> 0
D68: D6 | E68: ชดเชยค่าแรง (EIA) | M68: =SUM(F68:L68) -> 0 | N68: =M68/$M$91 -> 0
B69: E | C69: หมวดส่งงาน | D69: E1 | E69: งานส่งห้องพัก (ส่ง QA Pass) | M69: =SUM(F69:L69) -> 0 | N69: =M69/$M$91 -> 0 | O69: =SUM(M69:M73) -> 0 | P69: =O69/O91 -> 0
D70: E2 | E70: งานส่งโถงทางเดิน / โถงลิฟต์ / โถงบันได (ส่ง QA Pass) | M70: =SUM(F70:L70) -> 0 | N70: =M70/$M$91 -> 0
D71: E3 | E71: งานส่งพื้นที่ส่วนกลางอื่น ๆ (ส่ง QA Pass) | M71: =SUM(F71:L71) -> 0 | N71: =M71/$M$91 -> 0
D72: E4 | E72: งานส่งห้องพัก (ส่งหลัง QA Pass) | M72: =SUM(F72:L72) -> 0 | N72: =M72/$M$91 -> 0
D73: E5 | E73: งานส่งส่วนกลาง (ส่งหลัง QA Pass) | M73: =SUM(F73:L73) -> 0 | N73: =M73/$M$91 -> 0
B74: F | C74: งานสกิมและทาสี | D74: F1 | E74: งานทาสีภายใน | M74: =SUM(F74:L74) -> 0 | N74: =M74/$M$91 -> 0 | O74: =SUM(M74:M86) -> 0 | P74: =O74/O91 -> 0
E75: F1.1 - งานทาสีผนัง ภายใน | M75: =SUM(F75:L75) -> 0 | N75: =M75/$M$91 -> 0
E76: F1.2 - งานทาสีฝ้าเพดาน ภายใน | M76: =SUM(F76:L76) -> 0 | N76: =M76/$M$91 -> 0
D77: F2 | E77: งานทาสีภายนอก | M77: =SUM(F77:L77) -> 0 | N77: =M77/$M$91 -> 0
E78: F2.1 - งานทาสีผนัง ภายนอก | M78: =SUM(F78:L78) -> 0 | N78: =M78/$M$91 -> 0
E79: F2.2 - งานทาสีฝ้าเพดาน ภายนอก | M79: =SUM(F79:L79) -> 0 | N79: =M79/$M$91 -> 0
D80: F3 | E80: งาน Skim Coat | M80: =SUM(F80:L80) -> 0 | N80: =M80/$M$91 -> 0
E81: F3.1 - งาน Skim Coat ผนัง | M81: =SUM(F81:L81) -> 0 | N81: =M81/$M$91 -> 0
E82: F3.2 - งาน Skim Coat ฝ้าเพดาน | M82: =SUM(F82:L82) -> 0 | N82: =M82/$M$91 -> 0
E83: F3.3 - งาน Skim Coat บันได | M83: =SUM(F83:L83) -> 0 | N83: =M83/$M$91 -> 0
D84: F4 | E84: งานทาสีน้ำมัน | M84: =SUM(F84:L84) -> 0 | N84: =M84/$M$91 -> 0
E85: F4.1 - งานทาสี วงกบ+ประตู | M85: =SUM(F85:L85) -> 0 | N85: =M85/$M$91 -> 0
E86: F4.2 - งานทาสีราวกันตกระเบียง | M86: =SUM(F86:L86) -> 0 | N86: =M86/$M$91 -> 0
B87: G | C87: DC ทำงานเนื้องาน | D87: G1 | E87: ทำงานเนื้องานโครงสร้าง | M87: =SUM(F87:L87) -> 0 | N87: =M87/$M$91 -> 0 | O87: =SUM(M87:M88) -> 0 | P87: =O87/O91 -> 0
D88: G2 | E88: ทำงานเนื้องานสถาปัตย์ | M88: =SUM(F88:L88) -> 0 | N88: =M88/$M$91 -> 0
B89: H | C89: เก็บงานแผ่นดินไหว | D89: H1 | E89: เก็บซ่อมงานแผ่นดินไหว | M89: =SUM(F89:L89) -> 0 | N89: =M89/$M$91 -> 0 | O89: =M89 -> 0 | P89: =O89/O91 -> 0
B90: I | C90: ช่วยงานไซต์อื่น | D90: J1 | E90: ส่งไปช่วยเหลือไซต์อื่น | M90: =SUM(F90:L90) -> 0 | N90: =M90/$M$91 -> 0 | O90: =M90 -> 0 | P90: =O90/O91 -> 0
B91: รวม | F91: =SUM(F6:F90) -> 0 | G91: =SUM(G6:G90) -> 0 | H91: =SUM(H6:H90) -> 0 | I91: =SUM(I6:I90) -> 0 | J91: =SUM(J6:J90) -> 0 | K91: =SUM(K6:K90) -> 0 | L91: =SUM(L6:L90) -> 19 | M91: =SUM(M6:M90) -> 19 | ... P91: =SUM(P6:P90) -> 1

Sheet May26
B2: จำนวนแรงงาน DC แยกตามหมวดงาน ประจำเดือน พฤษภาคม 2569
B3: หมวดงาน | D3: หมวดงานย่อย | F3: จำนวนแรงงาน (คน) | M3: รวม
M4: หมวดงานย่อย | O4: หมวดงาน
F5: A | G5: B | H5: C | I5: D | J5: E | K5: LA | L5: กองกลาง | M5: จำนวนคน | N5: % | O5: จำนวนคน | P5: %
B6: A | C6: งานประจำในไซต์งาน | D6: A1 | E6: งานเซอร์เวย์ / ตีไลน์ | L6: 3 | M6: =SUM(F6:L6) -> 3 | N6: =M6/$M$91 -> 0.15789474 | O6: =SUM(M6:M13) -> 5 | P6: =O6/O91 -> 0.26315789
D7: A2 | E7: งานสโตร์ / เช็กเกอร์ | M7: =SUM(F7:L7) -> 0 | N7: =M7/$M$91 -> 0
D8: A3 | E8: งานซ่อมบำรุง / บริการหน้างาน (ไฟฟ้า, ประปา) | L8: 1 | M8: =SUM(F8:L8) -> 1 | N8: =M8/$M$91 -> 0.052631579
D9: A4 | E9: งานแม่บ้าน / ทำความสะอาด | L9: 1 | M9: =SUM(F9:L9) -> 1 | N9: =M9/$M$91 -> 0.052631579
D10: A5 | E10: งานขับเครน /บอกเครน /เครื่องจักร /รถยนต์ | M10: =SUM(F10:L10) -> 0 | N10: =M10/$M$91 -> 0
E11: A5.1 - งานขับเครน / บอกเครน | M11: =SUM(F11:L11) -> 0 | N11: =M11/$M$91 -> 0
E12: A5.2 - ขับเครื่องจักร (ลิฟต์ / โฟล์คลิฟต์ / แบ็กโฮ ฯลฯ) | M12: =SUM(F12:L12) -> 0 | N12: =M12/$M$91 -> 0
E13: A5.3 - ขับรถยนต์ | M13: =SUM(F13:L13) -> 0 | N13: =M13/$M$91 -> 0
B14: B | C14: งานพื้นที่บริเวณชั้น 1 | D14: B1 | E14: งานป้องกันดินพัง / งานใต้ดิน | M14: =SUM(F14:L14) -> 0 | N14: =M14/$M$91 -> 0 | O14: =SUM(M14:M40) -> 10 | P14: =O14/O91 -> 0.52631579
E15: B1.1 - งานระบบป้องกันดินพัง | M15: =SUM(F15:L15) -> 0 | N15: =M15/$M$91 -> 0
E16: B1.2 - งานโครงสร้างใต้ดิน | M16: =SUM(F16:L16) -> 0 | N16: =M16/$M$91 -> 0
D17: B2 | E17: งานจัดเตรียมพื้นที่บริเวณชั้น 1 | M17: =SUM(F17:L17) -> 0 | N17: =M17/$M$91 -> 0
E18: B2.1 - งานเตรียมการ สำนักงาน, สโตร์, ห้องน้ำ, ป้าย, รั้ว, ป้อม, ประตู | L18: 5 | M18: =SUM(F18:L18) -> 5 | N18: =M18/$M$91 -> 0.26315789
E19: B2.2 - งานเตรียมพื้นที่กองวัสดุ / เหล็ก / ไม้แบบ / Silo อื่น ๆ | L19: 5 | M19: =SUM(F19:L19) -> 5 | N19: =M19/$M$91 -> 0.26315789
E20: B2.3 - งานติดตั้งอุปกรณ์สำนักงาน / กล้องวงจรปิด | M20: =SUM(F20:L20) -> 0 | N20: =M20/$M$91 -> 0
E21: B2.4 - งานเตรียมพื้นที่บริเวณรับประทานอาหาร, ลานปูน, ถนน, ทางเดิน, หลังคาคลุม | M21: =SUM(F21:L21) -> 0 | N21: =M21/$M$91 -> 0
E22: B2.5 - งานจัดเรียงวัสดุให้เป็นระเบียบ | M22: =SUM(F22:L22) -> 0 | N22: =M22/$M$91 -> 0
E23: B2.6 - งานปูแผ่นเหล็กทางเดิน | M23: =SUM(F23:L23) -> 0 | N23: =M23/$M$91 -> 0
E24: B2.7 - งานตั้ง TC / ลิฟต์ชั่วคราว / Silo | M24: =SUM(F24:L24) -> 0 | N24: =M24/$M$91 -> 0
E25: B2.8 - งานเทคอนกรีตชั่วคราวบริเวณพื้นที่ชั้น 1 | M25: =SUM(F25:L25) -> 0 | N25: =M25/$M$91 -> 0
E26: B2.9 - งานจัดเตรียมอื่น ๆ | M26: =SUM(F26:L26) -> 0 | N26: =M26/$M$91 -> 0
D27: B3 | E27: งานความสะอาดบริเวณชั้น 1 | M27: =SUM(F27:L27) -> 0 | N27: =M27/$M$91 -> 0
E28: B3.1 - ทำความสะอาดบริเวณชั้น 1 | M28: =SUM(F28:L28) -> 0 | N28: =M28/$M$91 -> 0
E29: B3.2 - สูบน้ำ / ล้างล้อ / กวาดถนน | M29: =SUM(F29:L29) -> 0 | N29: =M29/$M$91 -> 0
D30: B4 | E30: งานเก็บขยะ / ขนขยะ บริเวณชั้น 1 | M30: =SUM(F30:L30) -> 0 | N30: =M30/$M$91 -> 0
D31: B5 | E31: งานขนย้ายวัสดุบริเวณชั้น 1 | M31: =SUM(F31:L31) -> 0 | N31: =M31/$M$91 -> 0
E32: B5.1 - รับวัสดุ / ขนวัสดุลงจากรถ | M32: =SUM(F32:L32) -> 0 | N32: =M32/$M$91 -> 0
E33: B5.2 - ส่งวัสดุขึ้นรถขนส่ง ส่งกลับร้านค้า / DSC | M33: =SUM(F33:L33) -> 0 | N33: =M33/$M$91 -> 0
E34: B5.3 - ขนย้ายวัสดุในโครงการ | M34: =SUM(F34:L34) -> 0 | N34: =M34/$M$91 -> 0
D35: B6 | E35: งานบริการอื่น ๆ บริเวณชั้น 1 | M35: =SUM(F35:L35) -> 0 | N35: =M35/$M$91 -> 0
E36: B6.1 - งานโบกรถ / จราจร | M36: =SUM(F36:L36) -> 0 | N36: =M36/$M$91 -> 0
E37: B6.2 - งานทาสีกันสนิมเหล็กกล่อง / แป๊บกลม | M37: =SUM(F37:L37) -> 0 | N37: =M37/$M$91 -> 0
E38: B6.3 - งานสำนักงานขาย | M38: =SUM(F38:L38) -> 0 | N38: =M38/$M$91 -> 0
E39: B6.4 - งานทำห้องเก็บวัสดุ / ห้องตัวอย่าง Mockup | M39: =SUM(F39:L39) -> 0 | N39: =M39/$M$91 -> 0
E40: B6.5 - งานอื่น ๆ บริเวณชั้น 1 | M40: =SUM(F40:L40) -> 0 | N40: =M40/$M$91 -> 0
B41: C | C41: งานพื้นที่ในตัวอาคาร | D41: C1 | E41: งานความสะอาดตามชั้น | M41: =SUM(F41:L41) -> 0 | N41: =M41/$M$91 -> 0 | O41: =SUM(M41:M58) -> 0 | P41: =O41/O91 -> 0
D42: C2 | E42: งานเก็บ / ขนขยะ | M42: =SUM(F42:L42) -> 0 | N42: =M42/$M$91 -> 0
D43: C3 | E43: งานขนส่ง / ขนย้ายวัสดุ | M43: =SUM(F43:L43) -> 0 | N43: =M43/$M$91 -> 0
E44: C3.1 - งานรื้อ / ขนย้ายไม้แบบ นั่งร้าน และอุปกรณ์ | M44: =SUM(F44:L44) -> 0 | N44: =M44/$M$91 -> 0
E45: C3.2 - งานขนวัสดุงานโครงสร้าง ขึ้น-ลง อาคาร | M45: =SUM(F45:L45) -> 0 | N45: =M45/$M$91 -> 0
E46: C3.3 - งานขนวัสดุงานสถาปัตย์ ขึ้น-ลง อาคาร | M46: =SUM(F46:L46) -> 0 | N46: =M46/$M$91 -> 0
E47: C3.4 - งานขนย้ายเศษวัสดุ | M47: =SUM(F47:L47) -> 0 | N47: =M47/$M$91 -> 0
D48: C4 | E48: งานติดตั้งท่าเรือ / บันได / นั่งร้าน / platform | M48: =SUM(F48:L48) -> 0 | N48: =M48/$M$91 -> 0
D49: C5 | E49: งานแก้ไขโครงสร้าง | M49: =SUM(F49:L49) -> 0 | N49: =M49/$M$91 -> 0
E50: C5.1 - งานสกัดผิวโครงสร้าง เสา / ผนัง/ คาน | M50: =SUM(F50:L50) -> 0 | N50: =M50/$M$91 -> 0
E51: C5.2 - งานแก้ไขโครงสร้าง | M51: =SUM(F51:L51) -> 0 | N51: =M51/$M$91 -> 0
D52: C6 | E52: งานแก้ไขสถาปัตย์ | M52: =SUM(F52:L52) -> 0 | N52: =M52/$M$91 -> 0
E53: C6.1 - งานสกัดผิวสถาปัตย์ | M53: =SUM(F53:L53) -> 0 | N53: =M53/$M$91 -> 0
E54: C6.2 - งานแก้ไขสถาปัตย์ | M54: =SUM(F54:L54) -> 0 | N54: =M54/$M$91 -> 0
D55: C7 | E55: งานบริการอื่น ๆ ในตัวอาคาร | M55: =SUM(F55:L55) -> 0 | N55: =M55/$M$91 -> 0
E56: C7.1 - ถือกุญแจประจำชั้น | M56: =SUM(F56:L56) -> 0 | N56: =M56/$M$91 -> 0
E57: C7.2 - งาน Wrap วัสดุ (บานประตู, กระเบื้อง, พื้นไม้, สุขภัณฑ์ ฯลฯ) | M57: =SUM(F57:L57) -> 0 | N57: =M57/$M$91 -> 0
E58: C7.3 - งานอื่น ๆ ในตัวอาคาร | M58: =SUM(F58:L58) -> 0 | N58: =M58/$M$91 -> 0
B59: D | C59: งานความปลอดภัย บ้านข้างเคียง และแคมป์คนงาน | D59: D1 | E59: ดูแลพื้นที่ไซต์งาน / คัดกรองแรงงาน / เฝ้าไซต์ | M59: =SUM(F59:L59) -> 0 | N59: =M59/$M$91 -> 0 | O59: =SUM(M59:M68) -> 4 | P59: =O59/O91 -> 0.21052632
D60: D2 | E60: แคมป์คนงาน | M60: =SUM(F60:L60) -> 0 | N60: =M60/$M$91 -> 0
E61: D2.1 - พ่อบ้าน / แม่บ้านแคมป์ | M61: =SUM(F61:L61) -> 0 | N61: =M61/$M$91 -> 0
E62: D2.2 - งานในแคมป์ | M62: =SUM(F62:L62) -> 0 | N62: =M62/$M$91 -> 0
D63: D3 | E63: งานติดตั้ง-รื้อถอน วัสดุอุปกรณ์ความปลอดภัย | M63: =SUM(F63:L63) -> 0 | N63: =M63/$M$91 -> 0
E64: D3.1 - ป้ายความปลอดภัย | M64: =SUM(F64:L64) -> 0 | N64: =M64/$M$91 -> 0
E65: D3.2 - ราวกันตก / แผงกันฝุ่น / Protection | L65: 4 | M65: =SUM(F65:L65) -> 4 | N65: =M65/$M$91 -> 0.21052632
D66: D4 | E66: งานบริการบ้านข้างเคียง | M66: =SUM(F66:L66) -> 0 | N66: =M66/$M$91 -> 0
D67: D5 | E67: งานช่วยเหลือสาธารณะ (CSR) | M67: =SUM(F67:L67) -> 0 | N67: =M67/$M$91 -> 0
D68: D6 | E68: ชดเชยค่าแรง (EIA) | M68: =SUM(F68:L68) -> 0 | N68: =M68/$M$91 -> 0
B69: E | C69: หมวดส่งงาน | D69: E1 | E69: งานส่งห้องพัก (ส่ง QA Pass) | M69: =SUM(F69:L69) -> 0 | N69: =M69/$M$91 -> 0 | O69: =SUM(M69:M73) -> 0 | P69: =O69/O91 -> 0
D70: E2 | E70: งานส่งโถงทางเดิน / โถงลิฟต์ / โถงบันได (ส่ง QA Pass) | M70: =SUM(F70:L70) -> 0 | N70: =M70/$M$91 -> 0
D71: E3 | E71: งานส่งพื้นที่ส่วนกลางอื่น ๆ (ส่ง QA Pass) | M71: =SUM(F71:L71) -> 0 | N71: =M71/$M$91 -> 0
D72: E4 | E72: งานส่งห้องพัก (ส่งหลัง QA Pass) | M72: =SUM(F72:L72) -> 0 | N72: =M72/$M$91 -> 0
D73: E5 | E73: งานส่งส่วนกลาง (ส่งหลัง QA Pass) | M73: =SUM(F73:L73) -> 0 | N73: =M73/$M$91 -> 0
B74: F | C74: งานสกิมและทาสี | D74: F1 | E74: งานทาสีภายใน | M74: =SUM(F74:L74) -> 0 | N74: =M74/$M$91 -> 0 | O74: =SUM(M74:M86) -> 0 | P74: =O74/O91 -> 0
E75: F1.1 - งานทาสีผนัง ภายใน | M75: =SUM(F75:L75) -> 0 | N75: =M75/$M$91 -> 0
E76: F1.2 - งานทาสีฝ้าเพดาน ภายใน | M76: =SUM(F76:L76) -> 0 | N76: =M76/$M$91 -> 0
D77: F2 | E77: งานทาสีภายนอก | M77: =SUM(F77:L77) -> 0 | N77: =M77/$M$91 -> 0
E78: F2.1 - งานทาสีผนัง ภายนอก | M78: =SUM(F78:L78) -> 0 | N78: =M78/$M$91 -> 0
E79: F2.2 - งานทาสีฝ้าเพดาน ภายนอก | M79: =SUM(F79:L79) -> 0 | N79: =M79/$M$91 -> 0
D80: F3 | E80: งาน Skim Coat | M80: =SUM(F80:L80) -> 0 | N80: =M80/$M$91 -> 0
E81: F3.1 - งาน Skim Coat ผนัง | M81: =SUM(F81:L81) -> 0 | N81: =M81/$M$91 -> 0
E82: F3.2 - งาน Skim Coat ฝ้าเพดาน | M82: =SUM(F82:L82) -> 0 | N82: =M82/$M$91 -> 0
E83: F3.3 - งาน Skim Coat บันได | M83: =SUM(F83:L83) -> 0 | N83: =M83/$M$91 -> 0
D84: F4 | E84: งานทาสีน้ำมัน | M84: =SUM(F84:L84) -> 0 | N84: =M84/$M$91 -> 0
E85: F4.1 - งานทาสี วงกบ+ประตู | M85: =SUM(F85:L85) -> 0 | N85: =M85/$M$91 -> 0
E86: F4.2 - งานทาสีราวกันตกระเบียง | M86: =SUM(F86:L86) -> 0 | N86: =M86/$M$91 -> 0
B87: G | C87: DC ทำงานเนื้องาน | D87: G1 | E87: ทำงานเนื้องานโครงสร้าง | M87: =SUM(F87:L87) -> 0 | N87: =M87/$M$91 -> 0 | O87: =SUM(M87:M88) -> 0 | P87: =O87/O91 -> 0
D88: G2 | E88: ทำงานเนื้องานสถาปัตย์ | M88: =SUM(F88:L88) -> 0 | N88: =M88/$M$91 -> 0
B89: H | C89: เก็บงานแผ่นดินไหว | D89: H1 | E89: เก็บซ่อมงานแผ่นดินไหว | M89: =SUM(F89:L89) -> 0 | N89: =M89/$M$91 -> 0 | O89: =M89 -> 0 | P89: =O89/O91 -> 0
B90: I | C90: ช่วยงานไซต์อื่น | D90: J1 | E90: ส่งไปช่วยเหลือไซต์อื่น | M90: =SUM(F90:L90) -> 0 | N90: =M90/$M$91 -> 0 | O90: =M90 -> 0 | P90: =O90/O91 -> 0
B91: รวม | F91: =SUM(F6:F90) -> 0 | G91: =SUM(G6:G90) -> 0 | H91: =SUM(H6:H90) -> 0 | I91: =SUM(I6:I90) -> 0 | J91: =SUM(J6:J90) -> 0 | K91: =SUM(K6:K90) -> 0 | L91: =SUM(L6:L90) -> 19 | M91: =SUM(M6:M90) -> 19 | ... P91: =SUM(P6:P90) -> 1

Sheet Jun26
B2: จำนวนแรงงาน DC แยกตามหมวดงาน ประจำเดือน มิถุนายน 2569
B3: หมวดงาน | D3: หมวดงานย่อย | F3: จำนวนแรงงาน (คน) | M3: รวม
M4: หมวดงานย่อย | O4: หมวดงาน
F5: A | G5: B | H5: C | I5: D | J5: E | K5: LA | L5: กองกลาง | M5: จำนวนคน | N5: % | O5: จำนวนคน | P5: %
B6: A | C6: งานประจำในไซต์งาน | D6: A1 | E6: งานเซอร์เวย์ / ตีไลน์ | L6: 9 | M6: =SUM(F6:L6) -> 9 | N6: =M6/$M$91 -> 0.19148936 | O6: =SUM(M6:M13) -> 20 | P6: =O6/O91 -> 0.42553191
D7: A2 | E7: งานสโตร์ / เช็กเกอร์ | L7: 1 | M7: =SUM(F7:L7) -> 1 | N7: =M7/$M$91 -> 0.021276596
D8: A3 | E8: งานซ่อมบำรุง / บริการหน้างาน (ไฟฟ้า, ประปา) | L8: 4 | M8: =SUM(F8:L8) -> 4 | N8: =M8/$M$91 -> 0.085106383
D9: A4 | E9: งานแม่บ้าน / ทำความสะอาด | L9: 1 | M9: =SUM(F9:L9) -> 1 | N9: =M9/$M$91 -> 0.021276596
D10: A5 | E10: งานขับเครน /บอกเครน /เครื่องจักร /รถยนต์ | M10: =SUM(F10:L10) -> 0 | N10: =M10/$M$91 -> 0
E11: A5.1 - งานขับเครน / บอกเครน | L11: 4 | M11: =SUM(F11:L11) -> 4 | N11: =M11/$M$91 -> 0.085106383
E12: A5.2 - ขับเครื่องจักร (ลิฟต์ / โฟล์คลิฟต์ / แบ็กโฮ ฯลฯ) | M12: =SUM(F12:L12) -> 0 | N12: =M12/$M$91 -> 0
E13: A5.3 - ขับรถยนต์ | L13: 1 | M13: =SUM(F13:L13) -> 1 | N13: =M13/$M$91 -> 0.021276596
B14: B | C14: งานพื้นที่บริเวณชั้น 1 | D14: B1 | E14: งานป้องกันดินพัง / งานใต้ดิน | M14: =SUM(F14:L14) -> 0 | N14: =M14/$M$91 -> 0 | O14: =SUM(M14:M40) -> 17 | P14: =O14/O91 -> 0.36170213
E15: B1.1 - งานระบบป้องกันดินพัง | M15: =SUM(F15:L15) -> 0 | N15: =M15/$M$91 -> 0
E16: B1.2 - งานโครงสร้างใต้ดิน | M16: =SUM(F16:L16) -> 0 | N16: =M16/$M$91 -> 0
D17: B2 | E17: งานจัดเตรียมพื้นที่บริเวณชั้น 1 | M17: =SUM(F17:L17) -> 0 | N17: =M17/$M$91 -> 0
E18: B2.1 - งานเตรียมการ สำนักงาน, สโตร์, ห้องน้ำ, ป้าย, รั้ว, ป้อม, ประตู | M18: =SUM(F18:L18) -> 0 | N18: =M18/$M$91 -> 0
E19: B2.2 - งานเตรียมพื้นที่กองวัสดุ / เหล็ก / ไม้แบบ / Silo อื่น ๆ | M19: =SUM(F19:L19) -> 0 | N19: =M19/$M$91 -> 0
E20: B2.3 - งานติดตั้งอุปกรณ์สำนักงาน / กล้องวงจรปิด | M20: =SUM(F20:L20) -> 0 | N20: =M20/$M$91 -> 0
E21: B2.4 - งานเตรียมพื้นที่บริเวณรับประทานอาหาร, ลานปูน, ถนน, ทางเดิน, หลังคาคลุม | M21: =SUM(F21:L21) -> 0 | N21: =M21/$M$91 -> 0
E22: B2.5 - งานจัดเรียงวัสดุให้เป็นระเบียบ | M22: =SUM(F22:L22) -> 0 | N22: =M22/$M$91 -> 0
E23: B2.6 - งานปูแผ่นเหล็กทางเดิน | M23: =SUM(F23:L23) -> 0 | N23: =M23/$M$91 -> 0
E24: B2.7 - งานตั้ง TC / ลิฟต์ชั่วคราว / Silo | M24: =SUM(F24:L24) -> 0 | N24: =M24/$M$91 -> 0
E25: B2.8 - งานเทคอนกรีตชั่วคราวบริเวณพื้นที่ชั้น 1 | M25: =SUM(F25:L25) -> 0 | N25: =M25/$M$91 -> 0
E26: B2.9 - งานจัดเตรียมอื่น ๆ | M26: =SUM(F26:L26) -> 0 | N26: =M26/$M$91 -> 0
D27: B3 | E27: งานความสะอาดบริเวณชั้น 1 | M27: =SUM(F27:L27) -> 0 | N27: =M27/$M$91 -> 0
E28: B3.1 - ทำความสะอาดบริเวณชั้น 1 | L28: 2 | M28: =SUM(F28:L28) -> 2 | N28: =M28/$M$91 -> 0.042553191
E29: B3.2 - สูบน้ำ / ล้างล้อ / กวาดถนน | L29: 6 | M29: =SUM(F29:L29) -> 6 | N29: =M29/$M$91 -> 0.12765957
D30: B4 | E30: งานเก็บขยะ / ขนขยะ บริเวณชั้น 1 | M30: =SUM(F30:L30) -> 0 | N30: =M30/$M$91 -> 0
D31: B5 | E31: งานขนย้ายวัสดุบริเวณชั้น 1 | M31: =SUM(F31:L31) -> 0 | N31: =M31/$M$91 -> 0
E32: B5.1 - รับวัสดุ / ขนวัสดุลงจากรถ | L32: 3 | M32: =SUM(F32:L32) -> 3 | N32: =M32/$M$91 -> 0.063829787
E33: B5.2 - ส่งวัสดุขึ้นรถขนส่ง ส่งกลับร้านค้า / DSC | M33: =SUM(F33:L33) -> 0 | N33: =M33/$M$91 -> 0
E34: B5.3 - ขนย้ายวัสดุในโครงการ | L34: 2 | M34: =SUM(F34:L34) -> 2 | N34: =M34/$M$91 -> 0.042553191
D35: B6 | E35: งานบริการอื่น ๆ บริเวณชั้น 1 | M35: =SUM(F35:L35) -> 0 | N35: =M35/$M$91 -> 0
E36: B6.1 - งานโบกรถ / จราจร | L36: 4 | M36: =SUM(F36:L36) -> 4 | N36: =M36/$M$91 -> 0.085106383
E37: B6.2 - งานทาสีกันสนิมเหล็กกล่อง / แป๊บกลม | M37: =SUM(F37:L37) -> 0 | N37: =M37/$M$91 -> 0
E38: B6.3 - งานสำนักงานขาย | M38: =SUM(F38:L38) -> 0 | N38: =M38/$M$91 -> 0
E39: B6.4 - งานทำห้องเก็บวัสดุ / ห้องตัวอย่าง Mockup | M39: =SUM(F39:L39) -> 0 | N39: =M39/$M$91 -> 0
E40: B6.5 - งานอื่น ๆ บริเวณชั้น 1 | M40: =SUM(F40:L40) -> 0 | N40: =M40/$M$91 -> 0
B41: C | C41: งานพื้นที่ในตัวอาคาร | D41: C1 | E41: งานความสะอาดตามชั้น | M41: =SUM(F41:L41) -> 0 | N41: =M41/$M$91 -> 0 | O41: =SUM(M41:M58) -> 4 | P41: =O41/O91 -> 0.085106383
D42: C2 | E42: งานเก็บ / ขนขยะ | L42: 4 | M42: =SUM(F42:L42) -> 4 | N42: =M42/$M$91 -> 0.085106383
D43: C3 | E43: งานขนส่ง / ขนย้ายวัสดุ | M43: =SUM(F43:L43) -> 0 | N43: =M43/$M$91 -> 0
E44: C3.1 - งานรื้อ / ขนย้ายไม้แบบ นั่งร้าน และอุปกรณ์ | M44: =SUM(F44:L44) -> 0 | N44: =M44/$M$91 -> 0
E45: C3.2 - งานขนวัสดุงานโครงสร้าง ขึ้น-ลง อาคาร | M45: =SUM(F45:L45) -> 0 | N45: =M45/$M$91 -> 0
E46: C3.3 - งานขนวัสดุงานสถาปัตย์ ขึ้น-ลง อาคาร | M46: =SUM(F46:L46) -> 0 | N46: =M46/$M$91 -> 0
E47: C3.4 - งานขนย้ายเศษวัสดุ | M47: =SUM(F47:L47) -> 0 | N47: =M47/$M$91 -> 0
D48: C4 | E48: งานติดตั้งท่าเรือ / บันได / นั่งร้าน / platform | M48: =SUM(F48:L48) -> 0 | N48: =M48/$M$91 -> 0
D49: C5 | E49: งานแก้ไขโครงสร้าง | M49: =SUM(F49:L49) -> 0 | N49: =M49/$M$91 -> 0
E50: C5.1 - งานสกัดผิวโครงสร้าง เสา / ผนัง/ คาน | M50: =SUM(F50:L50) -> 0 | N50: =M50/$M$91 -> 0
E51: C5.2 - งานแก้ไขโครงสร้าง | M51: =SUM(F51:L51) -> 0 | N51: =M51/$M$91 -> 0
D52: C6 | E52: งานแก้ไขสถาปัตย์ | M52: =SUM(F52:L52) -> 0 | N52: =M52/$M$91 -> 0
E53: C6.1 - งานสกัดผิวสถาปัตย์ | M53: =SUM(F53:L53) -> 0 | N53: =M53/$M$91 -> 0
E54: C6.2 - งานแก้ไขสถาปัตย์ | M54: =SUM(F54:L54) -> 0 | N54: =M54/$M$91 -> 0
D55: C7 | E55: งานบริการอื่น ๆ ในตัวอาคาร | M55: =SUM(F55:L55) -> 0 | N55: =M55/$M$91 -> 0
E56: C7.1 - ถือกุญแจประจำชั้น | M56: =SUM(F56:L56) -> 0 | N56: =M56/$M$91 -> 0
E57: C7.2 - งาน Wrap วัสดุ (บานประตู, กระเบื้อง, พื้นไม้, สุขภัณฑ์ ฯลฯ) | M57: =SUM(F57:L57) -> 0 | N57: =M57/$M$91 -> 0
E58: C7.3 - งานอื่น ๆ ในตัวอาคาร | M58: =SUM(F58:L58) -> 0 | N58: =M58/$M$91 -> 0
B59: D | C59: งานความปลอดภัย บ้านข้างเคียง และแคมป์คนงาน | D59: D1 | E59: ดูแลพื้นที่ไซต์งาน / คัดกรองแรงงาน / เฝ้าไซต์ | M59: =SUM(F59:L59) -> 0 | N59: =M59/$M$91 -> 0 | O59: =SUM(M59:M68) -> 6 | P59: =O59/O91 -> 0.12765957
D60: D2 | E60: แคมป์คนงาน | M60: =SUM(F60:L60) -> 0 | N60: =M60/$M$91 -> 0
E61: D2.1 - พ่อบ้าน / แม่บ้านแคมป์ | M61: =SUM(F61:L61) -> 0 | N61: =M61/$M$91 -> 0
E62: D2.2 - งานในแคมป์ | M62: =SUM(F62:L62) -> 0 | N62: =M62/$M$91 -> 0
D63: D3 | E63: งานติดตั้ง-รื้อถอน วัสดุอุปกรณ์ความปลอดภัย | M63: =SUM(F63:L63) -> 0 | N63: =M63/$M$91 -> 0
E64: D3.1 - ป้ายความปลอดภัย | L64: 2 | M64: =SUM(F64:L64) -> 2 | N64: =M64/$M$91 -> 0.042553191
E65: D3.2 - ราวกันตก / แผงกันฝุ่น / Protection | L65: 4 | M65: =SUM(F65:L65) -> 4 | N65: =M65/$M$91 -> 0.085106383
D66: D4 | E66: งานบริการบ้านข้างเคียง | M66: =SUM(F66:L66) -> 0 | N66: =M66/$M$91 -> 0
D67: D5 | E67: งานช่วยเหลือสาธารณะ (CSR) | M67: =SUM(F67:L67) -> 0 | N67: =M67/$M$91 -> 0
D68: D6 | E68: ชดเชยค่าแรง (EIA) | M68: =SUM(F68:L68) -> 0 | N68: =M68/$M$91 -> 0
B69: E | C69: หมวดส่งงาน | D69: E1 | E69: งานส่งห้องพัก (ส่ง QA Pass) | M69: =SUM(F69:L69) -> 0 | N69: =M69/$M$91 -> 0 | O69: =SUM(M69:M73) -> 0 | P69: =O69/O91 -> 0
D70: E2 | E70: งานส่งโถงทางเดิน / โถงลิฟต์ / โถงบันได (ส่ง QA Pass) | M70: =SUM(F70:L70) -> 0 | N70: =M70/$M$91 -> 0
D71: E3 | E71: งานส่งพื้นที่ส่วนกลางอื่น ๆ (ส่ง QA Pass) | M71: =SUM(F71:L71) -> 0 | N71: =M71/$M$91 -> 0
D72: E4 | E72: งานส่งห้องพัก (ส่งหลัง QA Pass) | M72: =SUM(F72:L72) -> 0 | N72: =M72/$M$91 -> 0
D73: E5 | E73: งานส่งส่วนกลาง (ส่งหลัง QA Pass) | M73: =SUM(F73:L73) -> 0 | N73: =M73/$M$91 -> 0
B74: F | C74: งานสกิมและทาสี | D74: F1 | E74: งานทาสีภายใน | M74: =SUM(F74:L74) -> 0 | N74: =M74/$M$91 -> 0 | O74: =SUM(M74:M86) -> 0 | P74: =O74/O91 -> 0
E75: F1.1 - งานทาสีผนัง ภายใน | M75: =SUM(F75:L75) -> 0 | N75: =M75/$M$91 -> 0
E76: F1.2 - งานทาสีฝ้าเพดาน ภายใน | M76: =SUM(F76:L76) -> 0 | N76: =M76/$M$91 -> 0
D77: F2 | E77: งานทาสีภายนอก | M77: =SUM(F77:L77) -> 0 | N77: =M77/$M$91 -> 0
E78: F2.1 - งานทาสีผนัง ภายนอก | M78: =SUM(F78:L78) -> 0 | N78: =M78/$M$91 -> 0
E79: F2.2 - งานทาสีฝ้าเพดาน ภายนอก | M79: =SUM(F79:L79) -> 0 | N79: =M79/$M$91 -> 0
D80: F3 | E80: งาน Skim Coat | M80: =SUM(F80:L80) -> 0 | N80: =M80/$M$91 -> 0
E81: F3.1 - งาน Skim Coat ผนัง | M81: =SUM(F81:L81) -> 0 | N81: =M81/$M$91 -> 0
E82: F3.2 - งาน Skim Coat ฝ้าเพดาน | M82: =SUM(F82:L82) -> 0 | N82: =M82/$M$91 -> 0
E83: F3.3 - งาน Skim Coat บันได | M83: =SUM(F83:L83) -> 0 | N83: =M83/$M$91 -> 0
D84: F4 | E84: งานทาสีน้ำมัน | M84: =SUM(F84:L84) -> 0 | N84: =M84/$M$91 -> 0
E85: F4.1 - งานทาสี วงกบ+ประตู | M85: =SUM(F85:L85) -> 0 | N85: =M85/$M$91 -> 0
E86: F4.2 - งานทาสีราวกันตกระเบียง | M86: =SUM(F86:L86) -> 0 | N86: =M86/$M$91 -> 0
B87: G | C87: DC ทำงานเนื้องาน | D87: G1 | E87: ทำงานเนื้องานโครงสร้าง | M87: =SUM(F87:L87) -> 0 | N87: =M87/$M$91 -> 0 | O87: =SUM(M87:M88) -> 0 | P87: =O87/O91 -> 0
D88: G2 | E88: ทำงานเนื้องานสถาปัตย์ | M88: =SUM(F88:L88) -> 0 | N88: =M88/$M$91 -> 0
B89: H | C89: เก็บงานแผ่นดินไหว | D89: H1 | E89: เก็บซ่อมงานแผ่นดินไหว | M89: =SUM(F89:L89) -> 0 | N89: =M89/$M$91 -> 0 | O89: =M89 -> 0 | P89: =O89/O91 -> 0
B90: I | C90: ช่วยงานไซต์อื่น | D90: J1 | E90: ส่งไปช่วยเหลือไซต์อื่น | M90: =SUM(F90:L90) -> 0 | N90: =M90/$M$91 -> 0 | O90: =M90 -> 0 | P90: =O90/O91 -> 0
B91: รวม | F91: =SUM(F6:F90) -> 0 | G91: =SUM(G6:G90) -> 0 | H91: =SUM(H6:H90) -> 0 | I91: =SUM(I6:I90) -> 0 | J91: =SUM(J6:J90) -> 0 | K91: =SUM(K6:K90) -> 0 | L91: =SUM(L6:L90) -> 47 | M91: =SUM(M6:M90) -> 47 | ... P91: =SUM(P6:P90) -> 1

Sheet Jul26
B2: จำนวนแรงงาน DC แยกตามหมวดงาน ประจำเดือน กรกฎาคม 2569
B3: หมวดงาน | D3: หมวดงานย่อย | F3: จำนวนแรงงาน (คน) | M3: รวม
M4: หมวดงานย่อย | O4: หมวดงาน
F5: A | G5: B | H5: C | I5: D | J5: E | K5: LA | L5: กองกลาง | M5: จำนวนคน | N5: % | O5: จำนวนคน | P5: %
B6: A | C6: งานประจำในไซต์งาน | D6: A1 | E6: งานเซอร์เวย์ / ตีไลน์ | L6: 9 | M6: =SUM(F6:L6) -> 9 | N6: =M6/$M$91 -> 0.2 | O6: =SUM(M6:M13) -> 21 | P6: =O6/O91 -> 0.46666667
D7: A2 | E7: งานสโตร์ / เช็กเกอร์ | L7: 1 | M7: =SUM(F7:L7) -> 1 | N7: =M7/$M$91 -> 0.022222222
D8: A3 | E8: งานซ่อมบำรุง / บริการหน้างาน (ไฟฟ้า, ประปา) | L8: 4 | M8: =SUM(F8:L8) -> 4 | N8: =M8/$M$91 -> 0.088888889
D9: A4 | E9: งานแม่บ้าน / ทำความสะอาด | L9: 2 | M9: =SUM(F9:L9) -> 2 | N9: =M9/$M$91 -> 0.044444444
D10: A5 | E10: งานขับเครน /บอกเครน /เครื่องจักร /รถยนต์ | M10: =SUM(F10:L10) -> 0 | N10: =M10/$M$91 -> 0
E11: A5.1 - งานขับเครน / บอกเครน | L11: 4 | M11: =SUM(F11:L11) -> 4 | N11: =M11/$M$91 -> 0.088888889
E12: A5.2 - ขับเครื่องจักร (ลิฟต์ / โฟล์คลิฟต์ / แบ็กโฮ ฯลฯ) | M12: =SUM(F12:L12) -> 0 | N12: =M12/$M$91 -> 0
E13: A5.3 - ขับรถยนต์ | L13: 1 | M13: =SUM(F13:L13) -> 1 | N13: =M13/$M$91 -> 0.022222222
B14: B | C14: งานพื้นที่บริเวณชั้น 1 | D14: B1 | E14: งานป้องกันดินพัง / งานใต้ดิน | M14: =SUM(F14:L14) -> 0 | N14: =M14/$M$91 -> 0 | O14: =SUM(M14:M40) -> 17 | P14: =O14/O91 -> 0.37777778
E15: B1.1 - งานระบบป้องกันดินพัง | M15: =SUM(F15:L15) -> 0 | N15: =M15/$M$91 -> 0
E16: B1.2 - งานโครงสร้างใต้ดิน | M16: =SUM(F16:L16) -> 0 | N16: =M16/$M$91 -> 0
D17: B2 | E17: งานจัดเตรียมพื้นที่บริเวณชั้น 1 | M17: =SUM(F17:L17) -> 0 | N17: =M17/$M$91 -> 0
E18: B2.1 - งานเตรียมการ สำนักงาน, สโตร์, ห้องน้ำ, ป้าย, รั้ว, ป้อม, ประตู | M18: =SUM(F18:L18) -> 0 | N18: =M18/$M$91 -> 0
E19: B2.2 - งานเตรียมพื้นที่กองวัสดุ / เหล็ก / ไม้แบบ / Silo อื่น ๆ | M19: =SUM(F19:L19) -> 0 | N19: =M19/$M$91 -> 0
E20: B2.3 - งานติดตั้งอุปกรณ์สำนักงาน / กล้องวงจรปิด | M20: =SUM(F20:L20) -> 0 | N20: =M20/$M$91 -> 0
E21: B2.4 - งานเตรียมพื้นที่บริเวณรับประทานอาหาร, ลานปูน, ถนน, ทางเดิน, หลังคาคลุม | M21: =SUM(F21:L21) -> 0 | N21: =M21/$M$91 -> 0
E22: B2.5 - งานจัดเรียงวัสดุให้เป็นระเบียบ | M22: =SUM(F22:L22) -> 0 | N22: =M22/$M$91 -> 0
E23: B2.6 - งานปูแผ่นเหล็กทางเดิน | M23: =SUM(F23:L23) -> 0 | N23: =M23/$M$91 -> 0
E24: B2.7 - งานตั้ง TC / ลิฟต์ชั่วคราว / Silo | M24: =SUM(F24:L24) -> 0 | N24: =M24/$M$91 -> 0
E25: B2.8 - งานเทคอนกรีตชั่วคราวบริเวณพื้นที่ชั้น 1 | M25: =SUM(F25:L25) -> 0 | N25: =M25/$M$91 -> 0
E26: B2.9 - งานจัดเตรียมอื่น ๆ | M26: =SUM(F26:L26) -> 0 | N26: =M26/$M$91 -> 0
D27: B3 | E27: งานความสะอาดบริเวณชั้น 1 | M27: =SUM(F27:L27) -> 0 | N27: =M27/$M$91 -> 0
E28: B3.1 - ทำความสะอาดบริเวณชั้น 1 | L28: 2 | M28: =SUM(F28:L28) -> 2 | N28: =M28/$M$91 -> 0.044444444
E29: B3.2 - สูบน้ำ / ล้างล้อ / กวาดถนน | L29: 6 | M29: =SUM(F29:L29) -> 6 | N29: =M29/$M$91 -> 0.13333333
D30: B4 | E30: งานเก็บขยะ / ขนขยะ บริเวณชั้น 1 | M30: =SUM(F30:L30) -> 0 | N30: =M30/$M$91 -> 0
D31: B5 | E31: งานขนย้ายวัสดุบริเวณชั้น 1 | M31: =SUM(F31:L31) -> 0 | N31: =M31/$M$91 -> 0
E32: B5.1 - รับวัสดุ / ขนวัสดุลงจากรถ | L32: 3 | M32: =SUM(F32:L32) -> 3 | N32: =M32/$M$91 -> 0.066666667
E33: B5.2 - ส่งวัสดุขึ้นรถขนส่ง ส่งกลับร้านค้า / DSC | M33: =SUM(F33:L33) -> 0 | N33: =M33/$M$91 -> 0
E34: B5.3 - ขนย้ายวัสดุในโครงการ | L34: 2 | M34: =SUM(F34:L34) -> 2 | N34: =M34/$M$91 -> 0.044444444
D35: B6 | E35: งานบริการอื่น ๆ บริเวณชั้น 1 | M35: =SUM(F35:L35) -> 0 | N35: =M35/$M$91 -> 0
E36: B6.1 - งานโบกรถ / จราจร | L36: 4 | M36: =SUM(F36:L36) -> 4 | N36: =M36/$M$91 -> 0.088888889
E37: B6.2 - งานทาสีกันสนิมเหล็กกล่อง / แป๊บกลม | M37: =SUM(F37:L37) -> 0 | N37: =M37/$M$91 -> 0
E38: B6.3 - งานสำนักงานขาย | M38: =SUM(F38:L38) -> 0 | N38: =M38/$M$91 -> 0
E39: B6.4 - งานทำห้องเก็บวัสดุ / ห้องตัวอย่าง Mockup | M39: =SUM(F39:L39) -> 0 | N39: =M39/$M$91 -> 0
E40: B6.5 - งานอื่น ๆ บริเวณชั้น 1 | M40: =SUM(F40:L40) -> 0 | N40: =M40/$M$91 -> 0
B41: C | C41: งานพื้นที่ในตัวอาคาร | D41: C1 | E41: งานความสะอาดตามชั้น | M41: =SUM(F41:L41) -> 0 | N41: =M41/$M$91 -> 0 | O41: =SUM(M41:M58) -> 0 | P41: =O41/O91 -> 0
D42: C2 | E42: งานเก็บ / ขนขยะ | M42: =SUM(F42:L42) -> 0 | N42: =M42/$M$91 -> 0
D43: C3 | E43: งานขนส่ง / ขนย้ายวัสดุ | M43: =SUM(F43:L43) -> 0 | N43: =M43/$M$91 -> 0
E44: C3.1 - งานรื้อ / ขนย้ายไม้แบบ นั่งร้าน และอุปกรณ์ | M44: =SUM(F44:L44) -> 0 | N44: =M44/$M$91 -> 0
E45: C3.2 - งานขนวัสดุงานโครงสร้าง ขึ้น-ลง อาคาร | M45: =SUM(F45:L45) -> 0 | N45: =M45/$M$91 -> 0
E46: C3.3 - งานขนวัสดุงานสถาปัตย์ ขึ้น-ลง อาคาร | M46: =SUM(F46:L46) -> 0 | N46: =M46/$M$91 -> 0
E47: C3.4 - งานขนย้ายเศษวัสดุ | M47: =SUM(F47:L47) -> 0 | N47: =M47/$M$91 -> 0
D48: C4 | E48: งานติดตั้งท่าเรือ / บันได / นั่งร้าน / platform | M48: =SUM(F48:L48) -> 0 | N48: =M48/$M$91 -> 0
D49: C5 | E49: งานแก้ไขโครงสร้าง | M49: =SUM(F49:L49) -> 0 | N49: =M49/$M$91 -> 0
E50: C5.1 - งานสกัดผิวโครงสร้าง เสา / ผนัง/ คาน | M50: =SUM(F50:L50) -> 0 | N50: =M50/$M$91 -> 0
E51: C5.2 - งานแก้ไขโครงสร้าง | M51: =SUM(F51:L51) -> 0 | N51: =M51/$M$91 -> 0
D52: C6 | E52: งานแก้ไขสถาปัตย์ | M52: =SUM(F52:L52) -> 0 | N52: =M52/$M$91 -> 0
E53: C6.1 - งานสกัดผิวสถาปัตย์ | M53: =SUM(F53:L53) -> 0 | N53: =M53/$M$91 -> 0
E54: C6.2 - งานแก้ไขสถาปัตย์ | M54: =SUM(F54:L54) -> 0 | N54: =M54/$M$91 -> 0
D55: C7 | E55: งานบริการอื่น ๆ ในตัวอาคาร | M55: =SUM(F55:L55) -> 0 | N55: =M55/$M$91 -> 0
E56: C7.1 - ถือกุญแจประจำชั้น | M56: =SUM(F56:L56) -> 0 | N56: =M56/$M$91 -> 0
E57: C7.2 - งาน Wrap วัสดุ (บานประตู, กระเบื้อง, พื้นไม้, สุขภัณฑ์ ฯลฯ) | M57: =SUM(F57:L57) -> 0 | N57: =M57/$M$91 -> 0
E58: C7.3 - งานอื่น ๆ ในตัวอาคาร | M58: =SUM(F58:L58) -> 0 | N58: =M58/$M$91 -> 0
B59: D | C59: งานความปลอดภัย บ้านข้างเคียง และแคมป์คนงาน | D59: D1 | E59: ดูแลพื้นที่ไซต์งาน / คัดกรองแรงงาน / เฝ้าไซต์ | M59: =SUM(F59:L59) -> 0 | N59: =M59/$M$91 -> 0 | O59: =SUM(M59:M68) -> 7 | P59: =O59/O91 -> 0.15555556
D60: D2 | E60: แคมป์คนงาน | M60: =SUM(F60:L60) -> 0 | N60: =M60/$M$91 -> 0
E61: D2.1 - พ่อบ้าน / แม่บ้านแคมป์ | M61: =SUM(F61:L61) -> 0 | N61: =M61/$M$91 -> 0
E62: D2.2 - งานในแคมป์ | M62: =SUM(F62:L62) -> 0 | N62: =M62/$M$91 -> 0
D63: D3 | E63: งานติดตั้ง-รื้อถอน วัสดุอุปกรณ์ความปลอดภัย | M63: =SUM(F63:L63) -> 0 | N63: =M63/$M$91 -> 0
E64: D3.1 - ป้ายความปลอดภัย | L64: 2 | M64: =SUM(F64:L64) -> 2 | N64: =M64/$M$91 -> 0.044444444
E65: D3.2 - ราวกันตก / แผงกันฝุ่น / Protection | L65: 5 | M65: =SUM(F65:L65) -> 5 | N65: =M65/$M$91 -> 0.11111111
D66: D4 | E66: งานบริการบ้านข้างเคียง | M66: =SUM(F66:L66) -> 0 | N66: =M66/$M$91 -> 0
D67: D5 | E67: งานช่วยเหลือสาธารณะ (CSR) | M67: =SUM(F67:L67) -> 0 | N67: =M67/$M$91 -> 0
D68: D6 | E68: ชดเชยค่าแรง (EIA) | M68: =SUM(F68:L68) -> 0 | N68: =M68/$M$91 -> 0
B69: E | C69: หมวดส่งงาน | D69: E1 | E69: งานส่งห้องพัก (ส่ง QA Pass) | M69: =SUM(F69:L69) -> 0 | N69: =M69/$M$91 -> 0 | O69: =SUM(M69:M73) -> 0 | P69: =O69/O91 -> 0
D70: E2 | E70: งานส่งโถงทางเดิน / โถงลิฟต์ / โถงบันได (ส่ง QA Pass) | M70: =SUM(F70:L70) -> 0 | N70: =M70/$M$91 -> 0
D71: E3 | E71: งานส่งพื้นที่ส่วนกลางอื่น ๆ (ส่ง QA Pass) | M71: =SUM(F71:L71) -> 0 | N71: =M71/$M$91 -> 0
D72: E4 | E72: งานส่งห้องพัก (ส่งหลัง QA Pass) | M72: =SUM(F72:L72) -> 0 | N72: =M72/$M$91 -> 0
D73: E5 | E73: งานส่งส่วนกลาง (ส่งหลัง QA Pass) | M73: =SUM(F73:L73) -> 0 | N73: =M73/$M$91 -> 0
B74: F | C74: งานสกิมและทาสี | D74: F1 | E74: งานทาสีภายใน | M74: =SUM(F74:L74) -> 0 | N74: =M74/$M$91 -> 0 | O74: =SUM(M74:M86) -> 0 | P74: =O74/O91 -> 0
E75: F1.1 - งานทาสีผนัง ภายใน | M75: =SUM(F75:L75) -> 0 | N75: =M75/$M$91 -> 0
E76: F1.2 - งานทาสีฝ้าเพดาน ภายใน | M76: =SUM(F76:L76) -> 0 | N76: =M76/$M$91 -> 0
D77: F2 | E77: งานทาสีภายนอก | M77: =SUM(F77:L77) -> 0 | N77: =M77/$M$91 -> 0
E78: F2.1 - งานทาสีผนัง ภายนอก | M78: =SUM(F78:L78) -> 0 | N78: =M78/$M$91 -> 0
E79: F2.2 - งานทาสีฝ้าเพดาน ภายนอก | M79: =SUM(F79:L79) -> 0 | N79: =M79/$M$91 -> 0
D80: F3 | E80: งาน Skim Coat | M80: =SUM(F80:L80) -> 0 | N80: =M80/$M$91 -> 0
E81: F3.1 - งาน Skim Coat ผนัง | M81: =SUM(F81:L81) -> 0 | N81: =M81/$M$91 -> 0
E82: F3.2 - งาน Skim Coat ฝ้าเพดาน | M82: =SUM(F82:L82) -> 0 | N82: =M82/$M$91 -> 0
E83: F3.3 - งาน Skim Coat บันได | M83: =SUM(F83:L83) -> 0 | N83: =M83/$M$91 -> 0
D84: F4 | E84: งานทาสีน้ำมัน | M84: =SUM(F84:L84) -> 0 | N84: =M84/$M$91 -> 0
E85: F4.1 - งานทาสี วงกบ+ประตู | M85: =SUM(F85:L85) -> 0 | N85: =M85/$M$91 -> 0
E86: F4.2 - งานทาสีราวกันตกระเบียง | M86: =SUM(F86:L86) -> 0 | N86: =M86/$M$91 -> 0
B87: G | C87: DC ทำงานเนื้องาน | D87: G1 | E87: ทำงานเนื้องานโครงสร้าง | M87: =SUM(F87:L87) -> 0 | N87: =M87/$M$91 -> 0 | O87: =SUM(M87:M88) -> 0 | P87: =O87/O91 -> 0
D88: G2 | E88: ทำงานเนื้องานสถาปัตย์ | M88: =SUM(F88:L88) -> 0 | N88: =M88/$M$91 -> 0
B89: H | C89: เก็บงานแผ่นดินไหว | D89: H1 | E89: เก็บซ่อมงานแผ่นดินไหว | M89: =SUM(F89:L89) -> 0 | N89: =M89/$M$91 -> 0 | O89: =M89 -> 0 | P89: =O89/O91 -> 0
B90: I | C90: ช่วยงานไซต์อื่น | D90: J1 | E90: ส่งไปช่วยเหลือไซต์อื่น | M90: =SUM(F90:L90) -> 0 | N90: =M90/$M$91 -> 0 | O90: =M90 -> 0 | P90: =O90/O91 -> 0
B91: รวม | F91: =SUM(F6:F90) -> 0 | G91: =SUM(G6:G90) -> 0 | H91: =SUM(H6:H90) -> 0 | I91: =SUM(I6:I90) -> 0 | J91: =SUM(J6:J90) -> 0 | K91: =SUM(K6:K90) -> 0 | L91: =SUM(L6:L90) -> 45 | M91: =SUM(M6:M90) -> 45 | ... P91: =SUM(P6:P90) -> 1
